claimed_area,gis_area,area_diff_pct,overlap_pct,overlapping_claims_count,name_similarity_score,missing_doc_count,historical_claim_count,claim_type_CFR,claim_type_IFR,survey_number_matched_NO,survey_number_matched_YES,claim_id,is_anomaly
0.031752749311751094,-0.019436836379356018,-0.2793696856858684,-0.2721100874685148,-0.43172464566980057,0.25276362435815386,-0.33601744349161167,-0.44047157951798976,0.0,1.0,0.0,1.0,FRA_10000,0
-0.3082766921369203,-0.3253606886166629,-0.39479562709727056,-0.2510926247386785,-0.43172464566980057,0.5864890328056757,-0.33601744349161167,-0.44047157951798976,0.0,1.0,0.0,1.0,FRA_10001,0
1.1018454032825695,0.5852963599036923,-0.30349540838466166,-0.1730277631707151,-0.43172464566980057,0.7199791961846848,-0.33601744349161167,-0.44047157951798976,0.0,1.0,0.0,1.0,FRA_10002,0
1.1918531966072181,-0.7308876555358834,1.373203496599385,3.9088637484310627,2.5388577786636897,-1.5493535812584667,1.1573934164711068,1.2834876358166079,0.0,1.0,1.0,0.0,FRA_10003,1
-0.5783000721108652,-0.4747653606395336,-0.28496463745475403,-0.4822847147668777,-0.43172464566980057,0.3862537877371629,-0.33601744349161167,-0.44047157951798976,0.0,1.0,0.0,1.0,FRA_10004,0
0.6918099003591721,0.42166267149769104,-0.34937395459033965,-0.2410843091530422,-0.43172464566980057,0.11927346097914482,-0.33601744349161167,-0.44047157951798976,1.0,0.0,0.0,1.0,FRA_10005,0
0.961833280333117,0.6493269336277797,-0.3081073477248396,-0.17953316830137878,-0.43172464566980057,-0.014216702399864218,-0.33601744349161167,-0.44047157951798976,1.0,0.0,0.0,1.0,FRA_10006,0
0.551797777409719,0.3007160322410811,-0.37825196366942476,-0.36268534351852355,-0.43172464566980057,0.8534693595636937,-0.33601744349161167,-0.44047157951798976,0.0,1.0,0.0,1.0,FRA_10007,0
-1.2083546253834032,-0.9727809340491027,-0.4101812340851674,-0.37419490644200537,-0.43172464566980057,0.0525283792896403,-0.33601744349161167,-0.44047157951798976,0.0,1.0,0.0,1.0,FRA_10008,0
1.3318653195566708,0.9267927530988255,-0.3020510157864749,-0.3796994800141053,-0.43172464566980057,0.7867242778741892,-0.33601744349161167,-0.44047157951798976,0.0,1.0,0.0,1.0,FRA_10009,0
0.15176314041128225,-0.06923839372031314,-0.298361989993214,-0.3071391920182419,-0.43172464566980057,0.6532341144951802,-0.33601744349161167,-0.44047157951798976,0.0,1.0,0.0,1.0,FRA_10010,0
-0.7483147928352009,-0.6241700326624043,-0.35039421095770257,-0.4192323265773688,-0.43172464566980057,-0.08096178408936873,-0.33601744349161167,-0.44047157951798976,1.0,0.0,0.0,1.0,FRA_10011,0
-0.24827149658715475,-0.31113167223353233,-0.3654160760651058,-0.5513420923077684,-0.43172464566980057,0.6532341144951802,-0.33601744349161167,0.42150802814930916,0.0,1.0,0.0,1.0,FRA_10012,0
-1.60838926238184,-1.264475769903279,-0.36304754918573745,-0.45726392580278685,-0.43172464566980057,0.11927346097914482,-0.33601744349161167,-0.44047157951798976,0.0,1.0,0.0,1.0,FRA_10013,0
-1.2883615527830907,-1.0012389668153638,-0.28515293308878475,-0.4827851305461595,-0.43172464566980057,-0.14770686577887324,-0.33601744349161167,0.42150802814930916,0.0,1.0,0.0,1.0,FRA_10014,0
0.9418315484831951,0.606639884478388,-0.3448165955925619,-0.11598036433258802,-0.43172464566980057,0.18601854266864934,-0.33601744349161167,-0.44047157951798976,0.0,1.0,0.0,1.0,FRA_10015,0
-1.7384005194063321,-1.342735360010497,-0.35079279111188566,-0.40772276365388704,-0.43172464566980057,-0.14770686577887324,-0.33601744349161167,-0.44047157951798976,0.0,1.0,0.0,1.0,FRA_10016,0
-0.27827409436203754,-0.31113167223353233,-0.4101812340851674,-0.30663877623896013,-0.43172464566980057,-0.014216702399864218,-0.33601744349161167,-0.44047157951798976,0.0,1.0,0.0,1.0,FRA_10017,0
0.09175794486151667,-0.09769642648657426,-0.3209711266145722,-0.5433354398392594,-0.43172464566980057,-0.014216702399864218,-0.33601744349161167,-0.44047157951798976,0.0,1.0,0.0,1.0,FRA_10018,0
-1.5483840668320745,-1.2217887207538873,-0.36714613048134054,-0.46026642047847777,-0.43172464566980057,-0.08096178408936873,-0.33601744349161167,-0.44047157951798976,1.0,0.0,0.0,1.0,FRA_10019,0
1.6718947610053423,3.2959239808900618,1.9592809408079128,2.174923073219568,1.5486636372191929,-3.618451113633105,2.650804276433825,3.8694264588185048,1.0,0.0,1.0,0.0,FRA_10020,1
-0.9483321113344192,-0.8304907702177973,-0.272068576007768,-0.3431691281265327,-0.43172464566980057,0.18601854266864934,-0.33601744349161167,-0.44047157951798976,0.0,1.0,0.0,1.0,FRA_10021,0
-0.6783087313604743,-0.588597491704578,-0.39114647672193603,-0.5093071668480958,-0.43172464566980057,0.6532341144951802,-0.33601744349161167,-0.44047157951798976,0.0,1.0,0.0,1.0,FRA_10022,0
-0.6783087313604743,-0.6312845408539697,-0.31500744726901075,-0.5153121561994776,-0.43172464566980057,0.18601854266864934,-0.33601744349161167,-0.44047157951798976,0.0,1.0,0.0,1.0,FRA_10023,0
-0.9283303794844974,-0.7593456883021446,-0.3648465447925859,-0.5613504078934047,-0.43172464566980057,0.25276362435815386,-0.33601744349161167,-0.44047157951798976,0.0,1.0,0.0,1.0,FRA_10024,0
-1.728399653481371,-1.3569643763936277,-0.2937333066865757,-0.2686071770135421,-0.43172464566980057,0.7199791961846848,-0.33601744349161167,0.42150802814930916,0.0,1.0,0.0,1.0,FRA_10025,0
0.8118202914587028,-0.8376052784093626,1.3714720551132835,1.852154895582796,3.529051920108186,-2.083314234774502,4.144215136396544,1.2834876358166079,0.0,1.0,0.0,1.0,FRA_10026,1
1.6418921632304593,0.9552507858650866,-0.30303713593749443,-0.31664709182459644,-0.43172464566980057,-0.08096178408936873,-0.33601744349161167,-0.44047157951798976,0.0,1.0,0.0,1.0,FRA_10027,0
-0.9483321113344192,-0.7878037210684057,-0.4101812340851674,-0.5488400134113592,-0.43172464566980057,0.8534693595636937,-0.33601744349161167,-0.44047157951798976,0.0,1.0,0.0,1.0,FRA_10028,0
0.5818003751846016,0.293601524049516,-0.39965136830976306,-0.33716413877515095,-0.43172464566980057,0.0525283792896403,-0.33601744349161167,-0.44047157951798976,0.0,1.0,0.0,1.0,FRA_10029,0
0.8618246210835077,3.801054062491196,4.0343732077862375,2.896522626943947,1.5486636372191929,-2.083314234774502,2.650804276433825,3.8694264588185048,0.0,1.0,0.0,1.0,FRA_10030,1
1.2318566603070618,0.7418155401181281,-0.3845089964886477,-0.3761965695591326,-0.43172464566980057,0.3862537877371629,-0.33601744349161167,0.42150802814930916,1.0,0.0,0.0,1.0,FRA_10031,0
-0.25827236251211566,-0.33958970499979346,-0.3201987447317102,-0.12248576946325167,-0.43172464566980057,0.6532341144951802,-0.33601744349161167,-0.44047157951798976,1.0,0.0,0.0,1.0,FRA_10032,0
-0.6783087313604743,-0.5672539671298821,-0.33404220463224205,-0.5818674548439592,-0.43172464566980057,-0.08096178408936873,-0.33601744349161167,0.42150802814930916,0.0,1.0,0.0,1.0,FRA_10033,0
-0.5983018039607871,-0.4818798688310989,-0.2653313731747241,-0.44275186820361423,-0.43172464566980057,0.5864890328056757,-0.33601744349161167,-0.44047157951798976,1.0,0.0,0.0,1.0,FRA_10034,0
0.7518150959089377,0.49992226160490894,-0.3009382787831444,-0.5383312820464412,-0.43172464566980057,0.8534693595636937,-0.33601744349161167,-0.44047157951798976,0.0,1.0,0.0,1.0,FRA_10035,0
1.1218471351324915,0.7702735728843892,-0.30413044306145,-0.4277393948251597,-0.43172464566980057,0.4529988694266667,-0.33601744349161167,-0.44047157951798976,1.0,0.0,0.0,1.0,FRA_10036,0
-1.0983451002088331,-0.8802923275587543,-0.35808610867000795,-0.30213503422542376,-0.43172464566980057,0.11927346097914482,-0.33601744349161167,-0.44047157951798976,1.0,0.0,0.0,1.0,FRA_10037,0
-0.43828794916141217,-0.46053634425640305,-0.32769728551116495,-0.24358638804945124,-0.43172464566980057,0.4529988694266667,-0.33601744349161167,-0.44047157951798976,0.0,1.0,0.0,1.0,FRA_10038,0
1.4218731128813193,0.8200751302253461,-0.32093630611985313,-0.5598491605555593,-0.43172464566980057,0.4529988694266667,-0.33601744349161167,-0.44047157951798976,0.0,1.0,0.0,1.0,FRA_10039,0
1.0818436714326476,0.5497238189458657,-0.27602059483829616,-0.22256892531961495,-0.43172464566980057,0.31950870604765835,-0.33601744349161167,0.42150802814930916,0.0,1.0,0.0,1.0,FRA_10040,0
1.7118982247051862,1.0548539005470001,-0.3575585630961834,-0.35718076994642356,-0.43172464566980057,-0.08096178408936873,-0.33601744349161167,-0.44047157951798976,0.0,1.0,0.0,1.0,FRA_10041,0
0.9018280847833514,0.42166267149769104,-0.2683298575566284,-0.2741117505856421,-0.43172464566980057,0.3862537877371629,-0.33601744349161167,-0.44047157951798976,0.0,1.0,0.0,1.0,FRA_10042,0
-0.358281021761725,-0.39650577053231556,-0.3470020394327404,-0.2575980298693421,0.5584694957746962,-0.08096178408936873,-0.33601744349161167,0.42150802814930916,0.0,1.0,0.0,1.0,FRA_10043,0
0.33177872706057854,0.13708234383507983,-0.3870728905157971,-0.30763960779752375,-0.43172464566980057,-0.08096178408936873,-0.33601744349161167,-0.44047157951798976,0.0,1.0,0.0,1.0,FRA_10044,0
0.5717995092596408,0.3149450486242117,-0.37847921826313113,-0.4192323265773688,0.5584694957746962,0.25276362435815386,-0.33601744349161167,-0.44047157951798976,1.0,0.0,0.0,1.0,FRA_10045,0
-1.4683771394323872,-1.1435291306466693,-0.3330533860679184,-0.443252283982896,-0.43172464566980057,0.5197439511161712,-0.33601744349161167,0.42150802814930916,1.0,0.0,0.0,1.0,FRA_10046,0
0.17176487226120413,0.0588227537278619,-0.3239324579828913,-0.25159304051796033,-0.43172464566980057,0.7867242778741892,-0.33601744349161167,-0.44047157951798976,0.0,1.0,0.0,1.0,FRA_10047,0
0.7418142299839765,0.30783054043264657,-0.2607136762665055,-0.45376101534781416,-0.43172464566980057,0.5197439511161712,-0.33601744349161167,-0.44047157951798976,0.0,1.0,0.0,1.0,FRA_10048,0
-1.1483494298336376,-0.9229793767081458,-0.3829388290515519,-0.5818674548439592,-0.43172464566980057,0.18601854266864934,-0.33601744349161167,-0.44047157951798976,0.0,1.0,0.0,1.0,FRA_10049,0
0.9918358781079996,0.606639884478388,-0.3917947192327582,-0.4182314950188052,-0.43172464566980057,-0.08096178408936873,-0.33601744349161167,-0.44047157951798976,0.0,1.0,0.0,1.0,FRA_10050,0
0.30177612928569597,0.1797693929844715,-0.2815842118989277,-0.26460385077928755,-0.43172464566980057,0.25276362435815386,-0.33601744349161167,-0.44047157951798976,1.0,0.0,0.0,1.0,FRA_10051,0
1.591887833605655,1.097540949696392,-0.3248975692410293,-0.530825045357214,-0.43172464566980057,0.5864890328056757,-0.33601744349161167,-0.44047157951798976,0.0,1.0,0.0,1.0,FRA_10052,0
-1.5883875305319184,-1.2573612617117138,-0.31881439874165707,-0.5833687021818046,-0.43172464566980057,0.7199791961846848,-0.33601744349161167,0.42150802814930916,0.0,1.0,0.0,1.0,FRA_10053,0
-0.8083199883849664,-0.6810860981949266,-0.3894160442343696,-0.3326603967616146,-0.43172464566980057,0.3862537877371629,-0.33601744349161167,-0.44047157951798976,0.0,1.0,0.0,1.0,FRA_10054,0
0.3717821907604223,0.16554037660134094,-0.38742704137509776,-0.3952123691718416,-0.43172464566980057,-0.08096178408936873,-0.33601744349161167,-0.44047157951798976,0.0,1.0,0.0,1.0,FRA_10055,0
-0.6983104632103961,-0.6526280654286655,-0.2944894620592938,-0.5013005143795868,0.5584694957746962,0.31950870604765835,-0.33601744349161167,-0.44047157951798976,0.0,1.0,0.0,1.0,FRA_10056,0
0.7618159618338983,0.507036769796474,-0.3013024219674844,-0.09145999114777899,-0.43172464566980057,0.6532341144951802,-0.33601744349161167,-0.44047157951798976,1.0,0.0,0.0,1.0,FRA_10057,0
0.9218298166332732,0.49992226160490894,-0.35379980088268476,-0.3882065482618962,-0.43172464566980057,0.5197439511161712,-0.33601744349161167,-0.44047157951798976,0.0,1.0,0.0,1.0,FRA_10058,0
-1.378369346107739,-1.1150710978804081,-0.3065967405271178,-0.27361133480636024,-0.43172464566980057,0.4529988694266667,-0.33601744349161167,-0.44047157951798976,0.0,1.0,0.0,1.0,FRA_10059,0
0.06175534708663366,-0.04078036095405202,-0.35853910976057457,-0.21306102551326042,-0.43172464566980057,0.31950870604765835,-0.33601744349161167,-0.44047157951798976,0.0,1.0,0.0,1.0,FRA_10060,0
0.041753615236711804,-0.0621238855287477,-0.3711098900237975,-0.4962963565867686,-0.43172464566980057,0.11927346097914482,-0.33601744349161167,-0.44047157951798976,1.0,0.0,0.0,1.0,FRA_10061,0
-0.44828881508637314,-0.4178492951070114,-0.3770033329827754,-0.16452069492292423,-0.43172464566980057,-0.014216702399864218,-0.33601744349161167,0.42150802814930916,1.0,0.0,0.0,1.0,FRA_10062,0
1.5318826380558894,0.8698766875663032,-0.2920344642444214,-0.35067536481575995,-0.43172464566980057,0.3862537877371629,-0.33601744349161167,-0.44047157951798976,0.0,1.0,0.0,1.0,FRA_10063,0
1.161850598832335,0.606639884478388,-0.279177315761752,-0.5373304504878775,-0.43172464566980057,0.3862537877371629,-0.33601744349161167,-0.44047157951798976,0.0,1.0,0.0,1.0,FRA_10064,0
0.7018107662841327,0.4145481633061256,-0.36978093274279883,-0.17953316830137878,-0.43172464566980057,0.31950870604765835,-0.33601744349161167,-0.44047157951798976,0.0,1.0,0.0,1.0,FRA_10065,0
0.7618159618338983,0.37897562234829935,-0.34089471728300563,-0.4357460472936688,-0.43172464566980057,0.7199791961846848,-0.33601744349161167,-0.44047157951798976,0.0,1.0,0.0,1.0,FRA_10066,0
-0.11826023956266264,-0.19018503297692274,-0.39617452583675217,-0.22457058843674224,-0.43172464566980057,0.5197439511161712,-0.33601744349161167,-0.44047157951798976,1.0,0.0,0.0,1.0,FRA_10067,0
1.481878308431085,-0.6455135572371001,1.369875591592497,3.2648286404953644,2.5388577786636897,-2.35029456153252,1.1573934164711068,1.2834876358166079,0.0,1.0,1.0,0.0,FRA_10068,1
0.6918099003591721,2.0508850473661386,1.971437212795583,3.3604080543381913,1.5486636372191929,-1.2156281728109448,2.650804276433825,1.2834876358166079,0.0,1.0,0.0,1.0,FRA_10069,1
0.8118202914587028,0.5639528353289963,-0.27387988955632403,-0.2756129979234875,0.5584694957746962,0.5197439511161712,-0.33601744349161167,-0.44047157951798976,0.0,1.0,0.0,1.0,FRA_10070,0
1.2818609899318663,0.7631590646928241,-0.36800194220073457,-0.3146454287074692,-0.43172464566980057,0.18601854266864934,-0.33601744349161167,-0.44047157951798976,0.0,1.0,0.0,1.0,FRA_10071,0
-0.7783173906100836,-0.6810860981949266,-0.3695042183500429,-0.181534831418506,-0.43172464566980057,-0.08096178408936873,-0.33601744349161167,-0.44047157951798976,0.0,1.0,0.0,1.0,FRA_10072,0
1.0818436714326476,0.5568383271374312,-0.2849646374547545,-0.3401666334508418,-0.43172464566980057,-0.014216702399864218,-0.33601744349161167,0.42150802814930916,0.0,1.0,0.0,1.0,FRA_10073,0
-1.0583416365089895,-0.8304907702177973,-0.28435826168414674,-0.3636861750770872,0.5584694957746962,-0.14770686577887324,-0.33601744349161167,-0.44047157951798976,0.0,1.0,0.0,1.0,FRA_10074,0
-0.5282957424860606,-0.4747653606395336,-0.3754511504750611,-0.3611840961806781,-0.43172464566980057,0.31950870604765835,-0.33601744349161167,-0.44047157951798976,0.0,1.0,0.0,1.0,FRA_10075,0
-0.5682992061859043,-0.4889943770226642,-0.33905735028483003,-0.5223179771094231,-0.43172464566980057,0.0525283792896403,-0.33601744349161167,-0.44047157951798976,0.0,1.0,0.0,1.0,FRA_10076,0
1.6818956269303031,1.0904264415048268,-0.4026061775834731,-0.5343279558121866,-0.43172464566980057,0.11927346097914482,-0.33601744349161167,-0.44047157951798976,0.0,1.0,0.0,1.0,FRA_10077,0
1.2618592580819445,0.8271896384169115,-0.35927685439378304,-0.5708583076997592,-0.43172464566980057,0.5197439511161712,-0.33601744349161167,-0.44047157951798976,0.0,1.0,0.0,1.0,FRA_10078,0
0.7118116322090939,0.3007160322410811,-0.27932534278810567,-0.40772276365388704,-0.43172464566980057,-0.014216702399864218,-0.33601744349161167,-0.44047157951798976,0.0,1.0,0.0,1.0,FRA_10079,0
0.8018194255337421,0.4145481633061256,-0.35157421799311306,-0.3246537442931055,-0.43172464566980057,0.4529988694266667,-0.33601744349161167,-0.44047157951798976,0.0,1.0,0.0,1.0,FRA_10080,0
0.2317700678109697,-0.00520781999622546,-0.3140056179341038,-0.1500086373237516,-0.43172464566980057,0.7199791961846848,-0.33601744349161167,-0.44047157951798976,0.0,1.0,0.0,1.0,FRA_10081,0
1.571886101755733,1.0406248841638697,-0.3712124394832767,-0.3276562389687964,-0.43172464566980057,0.31950870604765835,-0.33601744349161167,-0.44047157951798976,0.0,1.0,0.0,1.0,FRA_10082,0
0.0017501515368685237,-0.1617270002106616,-0.3173867919394144,-0.43224313683869603,-0.43172464566980057,0.7867242778741892,-0.33601744349161167,-0.44047157951798976,0.0,1.0,0.0,1.0,FRA_10083,0
-0.4082853513865294,-0.42496380329857664,-0.36150218246772337,-0.4922930303525141,-0.43172464566980057,0.18601854266864934,-0.33601744349161167,0.42150802814930916,0.0,1.0,0.0,1.0,FRA_10084,0
-1.1683511616835596,-0.9585519176659721,-0.3546780163531284,-0.3927102902754326,-0.43172464566980057,0.6532341144951802,-0.33601744349161167,-0.44047157951798976,1.0,0.0,0.0,1.0,FRA_10085,0
1.0118376099579214,0.5924108680952574,-0.39190786701646535,-0.09145999114777899,-0.43172464566980057,0.7199791961846848,-0.33601744349161167,-0.44047157951798976,0.0,1.0,0.0,1.0,FRA_10086,0
0.8318220233086246,0.5426093107543006,-0.32312977044354896,-0.2806171557163057,-0.43172464566980057,0.7199791961846848,-0.33601744349161167,-0.44047157951798976,0.0,1.0,0.0,1.0,FRA_10087,0
-0.38828361953660756,-0.4320783114901419,-0.31387565088525105,-0.3061383604596783,-0.43172464566980057,0.4529988694266667,-0.33601744349161167,-0.44047157951798976,0.0,1.0,0.0,1.0,FRA_10088,0
-1.648392726081684,-0.9514374094744069,1.9552906470540194,1.5433983597659156,3.529051920108186,-1.4158634178794576,1.1573934164711068,2.145467243483907,0.0,1.0,1.0,0.0,FRA_10089,1
1.2018540625321787,0.7275865237349975,-0.39291715182549247,-0.565854149906941,-0.43172464566980057,0.6532341144951802,-0.33601744349161167,-0.44047157951798976,0.0,1.0,0.0,1.0,FRA_10090,0
-1.6983970557064882,-1.3285063436273665,-0.35519193503583246,-0.18954148388701506,-0.43172464566980057,0.6532341144951802,-0.33601744349161167,-0.44047157951798976,0.0,1.0,0.0,1.0,FRA_10091,0
0.7218124981340547,0.4643497206470824,-0.3198947498352461,-0.29012505552266016,-0.43172464566980057,0.7867242778741892,-0.33601744349161167,-0.44047157951798976,0.0,1.0,0.0,1.0,FRA_10092,0
1.6618938950803812,1.097540949696392,-0.37972562230399726,-0.4797826358704686,-0.43172464566980057,0.4529988694266667,-0.33601744349161167,-0.44047157951798976,0.0,1.0,0.0,1.0,FRA_10093,0
-0.20826803288731124,-0.3253606886166629,-0.27853197626262194,-0.2876229766262511,-0.43172464566980057,0.3862537877371629,-0.33601744349161167,-0.44047157951798976,0.0,1.0,0.0,1.0,FRA_10094,0
-0.9183295135595364,-0.7522311801105792,-0.3651899894084388,-0.5498408449699229,-0.43172464566980057,-0.014216702399864218,-0.33601744349161167,-0.44047157951798976,1.0,0.0,0.0,1.0,FRA_10095,0
0.7318133640590158,0.34340308139047276,-0.32019874473171,-0.3962132007304053,-0.43172464566980057,0.25276362435815386,-0.33601744349161167,-0.44047157951798976,0.0,1.0,0.0,1.0,FRA_10096,0
1.1218471351324915,0.6777849663940408,-0.40134366816652445,-0.3982148638475325,-0.43172464566980057,-0.014216702399864218,-0.33601744349161167,-0.44047157951798976,0.0,1.0,0.0,1.0,FRA_10097,0
0.17176487226120413,-0.0621238855287477,-0.28696869679620113,-0.5543445869834593,-0.43172464566980057,0.3862537877371629,-0.33601744349161167,0.42150802814930916,0.0,1.0,0.0,1.0,FRA_10098,0
1.6418921632304593,1.0761974251216961,-0.3872217844820944,-0.10947495920192445,-0.43172464566980057,-0.08096178408936873,-0.33601744349161167,-0.44047157951798976,0.0,1.0,0.0,1.0,FRA_10099,0
-1.5583849327570354,-1.2360177371370178,-0.3228452885362237,-0.3191491707210055,-0.43172464566980057,-0.08096178408936873,-0.33601744349161167,0.42150802814930916,0.0,1.0,0.0,1.0,FRA_10100,0
0.031752749311751094,-0.04078036095405202,-0.3186131502056584,-0.4412506208657687,-0.43172464566980057,0.0525283792896403,-0.33601744349161167,-0.44047157951798976,0.0,1.0,0.0,1.0,FRA_10101,0
0.7718168277588591,0.35763209777360333,-0.30166414559578236,-0.3301583178652055,-0.43172464566980057,0.18601854266864934,-0.33601744349161167,0.42150802814930916,0.0,1.0,0.0,1.0,FRA_10102,0
1.2818609899318663,0.8414186548000421,-0.3595660838238477,-0.1149795327740244,-0.43172464566980057,0.25276362435815386,-0.33601744349161167,-0.44047157951798976,1.0,0.0,0.0,1.0,FRA_10103,0
-1.108345966133794,-0.9372083930912763,-0.27879087352481013,-0.587872444195341,-0.43172464566980057,0.5197439511161712,-0.33601744349161167,-0.44047157951798976,1.0,0.0,0.0,1.0,FRA_10104,0
1.0618419395827259,0.6422124254362143,-0.4101812340851674,-0.3822015589105144,-0.43172464566980057,0.18601854266864934,-0.33601744349161167,-0.44047157951798976,0.0,1.0,0.0,1.0,FRA_10105,0
0.19176660411112598,-0.04078036095405202,-0.3002026359864972,-0.11097620653976986,-0.43172464566980057,0.5864890328056757,-0.33601744349161167,-0.44047157951798976,0.0,1.0,0.0,1.0,FRA_10106,0
-0.348280155836764,-0.3751622459576197,-0.37875877748554776,-0.4712755676226778,-0.43172464566980057,0.0525283792896403,-0.33601744349161167,-0.44047157951798976,0.0,1.0,0.0,1.0,FRA_10107,0
-1.2783606868581296,-1.0083534750069292,-0.3483182726546656,-0.31614667604531466,-0.43172464566980057,0.7867242778741892,-0.33601744349161167,-0.44047157951798976,0.0,1.0,0.0,1.0,FRA_10108,0
1.2918618558568271,0.7489300483096936,-0.3428855479964632,-0.4147285845638325,-0.43172464566980057,0.8534693595636937,-0.33601744349161167,-0.44047157951798976,0.0,1.0,0.0,1.0,FRA_10109,0
-1.1883528935334813,-0.3609332295744893,1.9653564848461,4.048980166629971,1.5486636372191929,-3.217980623496078,4.144215136396544,3.8694264588185048,1.0,0.0,1.0,0.0,FRA_10110,1
-0.6583069995105525,-0.5245669179804906,-0.259830745545214,-0.49929885126245943,-0.43172464566980057,0.18601854266864934,-0.33601744349161167,-0.44047157951798976,0.0,1.0,0.0,1.0,FRA_10111,0
-0.7183121950603181,-0.6383990490455349,-0.3711098900237978,-0.3006337868875783,-0.43172464566980057,0.6532341144951802,-0.33601744349161167,0.42150802814930916,1.0,0.0,0.0,1.0,FRA_10112,0
1.3118635877067488,0.7062429991603019,-0.2763481231594624,-0.24358638804945124,-0.43172464566980057,0.25276362435815386,-0.33601744349161167,-0.44047157951798976,0.0,1.0,0.0,1.0,FRA_10113,0
0.6118029729594846,0.30783054043264657,-0.3893431839191036,-0.32965790208592366,0.5584694957746962,-0.014216702399864218,-0.33601744349161167,-0.44047157951798976,0.0,1.0,0.0,1.0,FRA_10114,0
1.051841073657765,0.606639884478388,-0.37407883714092316,-0.5233188086679866,-0.43172464566980057,0.7867242778741892,-0.33601744349161167,0.42150802814930916,0.0,1.0,0.0,1.0,FRA_10115,0
-0.858324318009771,-1.3142773272442358,1.375775565473666,4.138554591121416,1.5486636372191929,-2.884255215048556,4.144215136396544,3.8694264588185048,1.0,0.0,1.0,0.0,FRA_10116,1
0.45178911816010975,0.2437999667085592,-0.3549875138497752,-0.29512921331547837,0.5584694957746962,0.18601854266864934,-0.33601744349161167,-0.44047157951798976,0.0,1.0,0.0,1.0,FRA_10117,0
0.26177266558585227,0.10150980287725359,-0.362670479706542,-0.49029136723538674,-0.43172464566980057,0.0525283792896403,-0.33601744349161167,-0.44047157951798976,1.0,0.0,0.0,1.0,FRA_10118,0
1.1718514647572962,0.8058461138422155,-0.30568543999728204,-0.4622680835956051,-0.43172464566980057,-0.08096178408936873,-0.33601744349161167,-0.44047157951798976,0.0,1.0,0.0,1.0,FRA_10119,0
1.43187397880628,0.8627621793747378,-0.36163482293534577,-0.21706435174751496,-0.43172464566980057,0.0525283792896403,-0.33601744349161167,-0.44047157951798976,0.0,1.0,0.0,1.0,FRA_10120,0
-1.6983970557064882,-1.3356208518189316,-0.3002026359864975,-0.36919074864918716,-0.43172464566980057,0.7867242778741892,-0.33601744349161167,-0.44047157951798976,1.0,0.0,0.0,1.0,FRA_10121,0
0.6218038388844453,0.3647466059651688,-0.35826825945817264,-0.4982980197038958,-0.43172464566980057,0.25276362435815386,-0.33601744349161167,0.42150802814930916,0.0,1.0,0.0,1.0,FRA_10122,0
-1.5583849327570354,-1.2360177371370178,-0.3228452885362237,-0.5443362713978229,-0.43172464566980057,-0.014216702399864218,-0.33601744349161167,-0.44047157951798976,0.0,1.0,0.0,1.0,FRA_10123,0
0.18176573818616482,0.030364720961600783,-0.3856405551705882,-0.5593487447762775,-0.43172464566980057,0.5864890328056757,-0.33601744349161167,-0.44047157951798976,0.0,1.0,0.0,1.0,FRA_10124,0
-0.7283130609852789,-0.6739715900033613,-0.2921909500322898,-0.46276849937488684,-0.43172464566980057,0.11927346097914482,-0.33601744349161167,-0.44047157951798976,1.0,0.0,0.0,1.0,FRA_10125,0
-0.6683078654355133,0.30783054043264657,1.9729218915942888,2.8945209638268197,1.5486636372191929,-2.9510002967380604,4.144215136396544,3.8694264588185048,1.0,0.0,1.0,0.0,FRA_10126,1
-0.4982931447111778,-0.46053634425640305,-0.39311558955261516,-0.4417510366450506,-0.43172464566980057,0.18601854266864934,-0.33601744349161167,-0.44047157951798976,0.0,1.0,0.0,1.0,FRA_10127,0
0.43178738631018787,0.13708234383507983,-0.3212097839379288,-0.1940452259005514,-0.43172464566980057,0.31950870604765835,-0.33601744349161167,-0.44047157951798976,0.0,1.0,0.0,1.0,FRA_10128,0
-0.5682992061859043,-0.51033790159736,-0.392400263135083,-0.5563462501005866,-0.43172464566980057,0.0525283792896403,-0.33601744349161167,-0.44047157951798976,1.0,0.0,0.0,1.0,FRA_10129,0
0.8218211573836639,0.5354948025627352,-0.32284528853622385,-0.23207682512596944,-0.43172464566980057,-0.14770686577887324,-0.33601744349161167,-0.44047157951798976,0.0,1.0,0.0,1.0,FRA_10130,0
-0.31827755806188124,1.7022741459794402,4.028486248553335,1.20311562985428,3.529051920108186,-1.4826084995689621,2.650804276433825,1.2834876358166079,0.0,1.0,1.0,0.0,FRA_10131,1
-1.49837973720727,-1.2075597043707569,-0.24967192875197347,-0.5128100773030685,-0.43172464566980057,0.31950870604765835,-0.33601744349161167,-0.44047157951798976,1.0,0.0,0.0,1.0,FRA_10132,0
1.0018367440329607,0.6422124254362143,-0.3551919350358329,-0.2500917931801149,0.5584694957746962,0.8534693595636937,-0.33601744349161167,-0.44047157951798976,0.0,1.0,0.0,1.0,FRA_10133,0
-0.7383139269102399,0.9623652940566517,4.04395198891096,1.5609129120407788,3.529051920108186,-3.6851961953226096,1.1573934164711068,2.145467243483907,0.0,1.0,1.0,0.0,FRA_10134,1
-0.2282697647372331,-0.30401716404196705,-0.3510882560023003,-0.4792822200911869,-0.43172464566980057,0.7199791961846848,-0.33601744349161167,-0.44047157951798976,0.0,1.0,0.0,1.0,FRA_10135,0
0.6618073025842891,-0.8802923275587543,1.3714720551132835,1.8791773476640143,1.5486636372191929,-1.8163339080164846,4.144215136396544,3.8694264588185048,1.0,0.0,1.0,0.0,FRA_10136,1
-0.5783000721108652,-0.46765085244796833,-0.26707655222183785,-0.2666055138964148,0.5584694957746962,0.18601854266864934,-0.33601744349161167,-0.44047157951798976,1.0,0.0,0.0,1.0,FRA_10137,0
-1.5383832009071137,-1.1933306879876262,-0.32534060126619346,-0.24358638804945124,0.5584694957746962,0.25276362435815386,-0.33601744349161167,-0.44047157951798976,1.0,0.0,0.0,1.0,FRA_10138,0
-0.42828708323645126,-0.39650577053231556,-0.3609642923946024,-0.22507100421602402,-0.43172464566980057,0.0525283792896403,-0.33601744349161167,-0.44047157951798976,0.0,1.0,0.0,1.0,FRA_10139,0
1.571886101755733,0.9481362776735212,-0.34783116272214193,-0.3761965695591326,-0.43172464566980057,0.5864890328056757,-0.33601744349161167,-0.44047157951798976,1.0,0.0,0.0,1.0,FRA_10140,0
0.5117943137098753,3.1820918498250172,4.038553039549753,1.1820981671244437,2.5388577786636897,-3.2847257051855827,1.1573934164711068,3.8694264588185048,1.0,0.0,0.0,1.0,FRA_10141,1
0.6118029729594846,0.3718611141567339,-0.33724805850394446,-0.14100115329667884,-0.43172464566980057,0.0525283792896403,-0.33601744349161167,0.42150802814930916,0.0,1.0,0.0,1.0,FRA_10142,0
0.47179085001003157,0.2011129175591675,-0.3773094021811371,-0.4202331581359324,-0.43172464566980057,0.31950870604765835,-0.33601744349161167,-0.44047157951798976,1.0,0.0,0.0,1.0,FRA_10143,0
-1.0383399046590676,-0.873177819367189,-0.3359456803685652,-0.4312423052801324,-0.43172464566980057,0.7199791961846848,-0.33601744349161167,-0.44047157951798976,0.0,1.0,0.0,1.0,FRA_10144,0
-0.27827409436203754,-0.2613301148925755,-0.3041304430614503,-0.1610177844679515,-0.43172464566980057,-0.014216702399864218,-0.33601744349161167,-0.44047157951798976,0.0,1.0,0.0,1.0,FRA_10145,0
0.8918272188583902,0.6208689008615186,-0.27736362999156605,-0.24809013006298758,-0.43172464566980057,0.3862537877371629,-0.33601744349161167,-0.44047157951798976,0.0,1.0,0.0,1.0,FRA_10146,0
-1.3883702120326997,-0.6099410162792738,2.000290863065678,1.8926885737046233,2.5388577786636897,-3.017745378427565,2.650804276433825,1.2834876358166079,0.0,1.0,0.0,1.0,FRA_10147,1
-0.7683165246851227,-0.6953151145780572,-0.30918048072924603,-0.11347828543617898,-0.43172464566980057,0.5197439511161712,-0.33601744349161167,-0.44047157951798976,0.0,1.0,0.0,1.0,FRA_10148,0
-0.7683165246851227,-0.6312845408539697,-0.32938063140043033,-0.11648078011186981,-0.43172464566980057,0.7199791961846848,-0.33601744349161167,-0.44047157951798976,0.0,1.0,0.0,1.0,FRA_10149,0
-0.2282697647372331,-0.24710109850944498,-0.3510882560023,-0.2185655990853604,-0.43172464566980057,0.11927346097914482,-0.33601744349161167,0.42150802814930916,0.0,1.0,0.0,1.0,FRA_10150,0
1.6918964928552642,0.997937835014478,-0.31195607395124064,-0.5628516552312501,-0.43172464566980057,0.31950870604765835,-0.33601744349161167,-0.44047157951798976,0.0,1.0,0.0,1.0,FRA_10151,0
-1.49837973720727,-1.186216179796061,-0.3700539077518689,-0.5058042563931231,-0.43172464566980057,0.3862537877371629,-0.33601744349161167,-0.44047157951798976,0.0,1.0,0.0,1.0,FRA_10152,0
0.08175707893655552,-0.019436836379356018,-0.34618506708809627,-0.33416164409946003,-0.43172464566980057,0.31950870604765835,-0.33601744349161167,-0.44047157951798976,0.0,1.0,0.0,1.0,FRA_10153,0
-1.108345966133794,-0.8802923275587543,-0.33134701774895264,-0.23507931980166039,-0.43172464566980057,0.7199791961846848,-0.33601744349161167,-0.44047157951798976,0.0,1.0,0.0,1.0,FRA_10154,0
1.6618938950803812,1.1188844742710877,-0.3568839134681195,-0.4082231794331688,-0.43172464566980057,0.5864890328056757,-0.33601744349161167,-0.44047157951798976,1.0,0.0,0.0,1.0,FRA_10155,0
-1.3383658824078952,-1.0723840487310166,-0.3771876546555664,-0.14650572686877888,-0.43172464566980057,0.7867242778741892,-0.33601744349161167,-0.44047157951798976,0.0,1.0,0.0,1.0,FRA_10156,0
-0.3282784239868422,-0.3253606886166629,-0.3635410956244749,-0.45426143112709605,-0.43172464566980057,0.7867242778741892,-0.33601744349161167,-0.44047157951798976,0.0,1.0,0.0,1.0,FRA_10157,0
0.8418228892335858,0.5497238189458657,-0.32341240506576246,-0.39321070605471437,-0.43172464566980057,-0.14770686577887324,-0.33601744349161167,-0.44047157951798976,1.0,0.0,0.0,1.0,FRA_10158,0
0.7318133640590158,0.507036769796474,-0.27020847286867883,-0.405220684757478,-0.43172464566980057,0.18601854266864934,-0.33601744349161167,-0.44047157951798976,0.0,1.0,0.0,1.0,FRA_10159,0
-0.25827236251211566,-0.30401716404196705,-0.3951841525262579,-0.14950822154446972,-0.43172464566980057,0.3862537877371629,-0.33601744349161167,-0.44047157951798976,0.0,1.0,0.0,1.0,FRA_10160,0
-0.5282957424860606,-0.42496380329857664,-0.2538958578396891,-0.46477016249201414,-0.43172464566980057,0.5197439511161712,-0.33601744349161167,-0.44047157951798976,0.0,1.0,0.0,1.0,FRA_10161,0
-0.348280155836764,-0.3680477377660546,-0.3944700057853574,-0.3786986484555417,-0.43172464566980057,0.0525283792896403,-0.33601744349161167,-0.44047157951798976,1.0,0.0,0.0,1.0,FRA_10162,0
-0.8183208543099273,-0.6739715900033613,-0.34744696333874303,-0.38019989579338714,-0.43172464566980057,0.11927346097914482,-0.33601744349161167,-0.44047157951798976,0.0,1.0,0.0,1.0,FRA_10163,0
-1.0183381728091456,-0.8376052784093626,-0.4101812340851674,-0.4292406421630052,-0.43172464566980057,0.8534693595636937,-0.33601744349161167,-0.44047157951798976,1.0,0.0,0.0,1.0,FRA_10164,0
-0.048254178087936354,-0.0834674101034437,-0.28815018687979427,-0.4172306634602415,-0.43172464566980057,0.0525283792896403,-0.33601744349161167,-0.44047157951798976,0.0,1.0,0.0,1.0,FRA_10165,0
-0.7983191224600055,-0.7095441309611877,-0.32769728551116495,-0.5898741073124683,0.5584694957746962,0.7199791961846848,-0.33601744349161167,-0.44047157951798976,1.0,0.0,0.0,1.0,FRA_10166,0
-0.7283130609852789,0.9765943104397823,4.034119465239886,3.4219591951898547,3.529051920108186,-3.618451113633105,1.1573934164711068,3.8694264588185048,1.0,0.0,0.0,1.0,FRA_10167,1
0.5617986433346798,0.27225799947482,-0.3889710758804239,-0.5303246295779321,-0.43172464566980057,0.18601854266864934,-0.33601744349161167,-0.44047157951798976,1.0,0.0,0.0,1.0,FRA_10168,0
1.6518930291554206,1.097540949696392,-0.3720138542822872,-0.23007516200884218,-0.43172464566980057,-0.08096178408936873,-0.33601744349161167,0.42150802814930916,0.0,1.0,0.0,1.0,FRA_10169,0
0.3717821907604223,0.10150980287725359,-0.33054155959992393,-0.5628516552312501,-0.43172464566980057,-0.08096178408936873,-0.33601744349161167,-0.44047157951798976,1.0,0.0,0.0,1.0,FRA_10170,0
-1.4683771394323872,-1.1435291306466693,-0.3330533860679184,-0.4192323265773688,-0.43172464566980057,0.5197439511161712,-0.33601744349161167,-0.44047157951798976,0.0,1.0,0.0,1.0,FRA_10171,0
-1.478378005357348,-1.1435291306466693,-0.2929672019010587,-0.15651404245441516,-0.43172464566980057,0.6532341144951802,-0.33601744349161167,-0.44047157951798976,0.0,1.0,0.0,1.0,FRA_10172,0
1.591887833605655,1.1544570152289138,-0.26287308571802,-0.34817328591935087,0.5584694957746962,0.5864890328056757,-0.33601744349161167,-0.44047157951798976,0.0,1.0,0.0,1.0,FRA_10173,0
-0.6983104632103961,-0.6028265080877085,-0.3908992720808551,-0.0934616542649063,-0.43172464566980057,-0.08096178408936873,-0.33601744349161167,-0.44047157951798976,1.0,0.0,0.0,1.0,FRA_10174,0
-1.4183728098075827,-1.1293001142635388,-0.373968768857557,-0.5863711968574955,-0.43172464566980057,0.11927346097914482,-0.33601744349161167,-0.44047157951798976,1.0,0.0,0.0,1.0,FRA_10175,0
0.3617813248354616,0.1086243110688187,-0.3530769619954731,-0.17552984206712424,-0.43172464566980057,0.18601854266864934,-0.33601744349161167,-0.44047157951798976,1.0,0.0,0.0,1.0,FRA_10176,0
0.441788252235149,0.15131136021821037,-0.33262170035140365,-0.5558458343213047,-0.43172464566980057,0.3862537877371629,-0.33601744349161167,-0.44047157951798976,0.0,1.0,0.0,1.0,FRA_10177,0
0.5317960455597972,0.2509144749001243,-0.3887413629756794,-0.4012173585232235,-0.43172464566980057,0.7867242778741892,-0.33601744349161167,-0.44047157951798976,0.0,1.0,0.0,1.0,FRA_10178,0
-0.7983191224600055,-0.7024296227696224,-0.3483182726546656,-0.5363296189293139,0.5584694957746962,-0.08096178408936873,-0.33601744349161167,-0.44047157951798976,0.0,1.0,0.0,1.0,FRA_10179,0
-1.6883961897815274,-1.3213918354358012,-0.35619174047309304,-0.42974105794228695,-0.43172464566980057,0.6532341144951802,-0.33601744349161167,-0.44047157951798976,0.0,1.0,0.0,1.0,FRA_10180,0
1.6418921632304593,1.0904264415048268,-0.3719154847467125,-0.527822550681523,-0.43172464566980057,0.7867242778741892,-0.33601744349161167,-0.44047157951798976,0.0,1.0,0.0,1.0,FRA_10181,0
-0.858324318009771,-0.6953151145780572,-0.3241110268775127,-0.3171475076038783,-0.43172464566980057,0.7867242778741892,-0.33601744349161167,-0.44047157951798976,0.0,1.0,0.0,1.0,FRA_10182,0
0.6318047048094064,0.4074336551145605,-0.306717047720565,-0.5053038406138413,-0.43172464566980057,-0.14770686577887324,-0.33601744349161167,-0.44047157951798976,0.0,1.0,0.0,1.0,FRA_10183,0
0.7318133640590158,0.4643497206470824,-0.330196799104317,-0.12198535368396986,0.5584694957746962,0.6532341144951802,-0.33601744349161167,0.42150802814930916,0.0,1.0,0.0,1.0,FRA_10184,0
0.4017847885353053,0.11573881926038414,-0.3201987447317102,-0.4477560259964324,-0.43172464566980057,0.25276362435815386,-0.33601744349161167,-0.44047157951798976,0.0,1.0,0.0,1.0,FRA_10185,0
-0.6383052676606306,-0.5672539671298821,-0.4101812340851674,-0.5098075826273777,-0.43172464566980057,0.0525283792896403,-0.33601744349161167,-0.44047157951798976,0.0,1.0,0.0,1.0,FRA_10186,0
-0.7883182565350445,-0.6739715900033613,-0.4101812340851674,-0.19154314700414232,-0.43172464566980057,0.5197439511161712,-0.33601744349161167,-0.44047157951798976,0.0,1.0,0.0,1.0,FRA_10187,0
0.3517804589105004,0.14419685202664526,-0.39871628370422474,-0.5463379345149503,-0.43172464566980057,0.25276362435815386,-0.33601744349161167,-0.44047157951798976,1.0,0.0,0.0,1.0,FRA_10188,0
1.2918618558568271,0.7489300483096936,-0.3428855479964632,-0.11147662231905167,0.5584694957746962,0.18601854266864934,-0.33601744349161167,-0.44047157951798976,0.0,1.0,0.0,1.0,FRA_10189,0
1.571886101755733,0.91967824490726,-0.3166561270406292,-0.3937111218339962,0.5584694957746962,-0.014216702399864218,-0.33601744349161167,-0.44047157951798976,0.0,1.0,0.0,1.0,FRA_10190,0
-1.3683684801827778,-1.107956589688843,-0.307787366889854,-0.09896622783700626,-0.43172464566980057,0.6532341144951802,-0.33601744349161167,-0.44047157951798976,0.0,1.0,0.0,1.0,FRA_10191,0
-1.1983537594584424,0.14419685202664526,4.04395198891096,3.048649023845619,1.5486636372191929,-3.4182158685645914,4.144215136396544,3.8694264588185048,0.0,1.0,0.0,1.0,FRA_10192,1
1.571886101755733,1.1046554578879573,-0.3010686091998728,-0.27711424526133294,-0.43172464566980057,-0.08096178408936873,-0.33601744349161167,-0.44047157951798976,1.0,0.0,0.0,1.0,FRA_10193,0
0.8418228892335858,0.4430061960723867,-0.35233534807223066,-0.27160967168923295,-0.43172464566980057,-0.014216702399864218,-0.33601744349161167,-0.44047157951798976,1.0,0.0,0.0,1.0,FRA_10194,0
1.3518670514065927,0.9267927530988255,-0.31919615432108656,-0.39871527962681436,-0.43172464566980057,0.0525283792896403,-0.33601744349161167,-0.44047157951798976,0.0,1.0,0.0,1.0,FRA_10195,0
-1.0283390387341067,-0.8589488029840584,-0.3610998762560089,-0.26810676123426025,-0.43172464566980057,0.5197439511161712,-0.33601744349161167,-0.44047157951798976,0.0,1.0,0.0,1.0,FRA_10196,0
0.32177786113561785,2.8405954566298837,4.03235268364274,3.301358992382937,2.5388577786636897,-2.5505298066010336,4.144215136396544,2.145467243483907,1.0,0.0,1.0,0.0,FRA_10197,1
0.7118116322090939,0.478578737030213,-0.28939118058018803,-0.4182314950188052,-0.43172464566980057,-0.14770686577887324,-0.33601744349161167,-0.44047157951798976,1.0,0.0,0.0,1.0,FRA_10198,0
0.6418055707343672,0.30783054043264657,-0.3586287662264161,-0.5618508236726865,-0.43172464566980057,0.11927346097914482,-0.33601744349161167,-0.44047157951798976,0.0,1.0,0.0,1.0,FRA_10199,0
-0.3082766921369203,-0.3893912623407503,-0.28709637818199313,-0.5163129877580412,-0.43172464566980057,-0.08096178408936873,-0.33601744349161167,0.42150802814930916,0.0,1.0,0.0,1.0,FRA_10200,0
-1.6883961897815274,-1.3285063436273665,-0.3022022468610188,-0.3476728701400691,-0.43172464566980057,0.18601854266864934,-0.33601744349161167,0.42150802814930916,0.0,1.0,0.0,1.0,FRA_10201,0
0.30177612928569597,0.03747922915316622,-0.3049654886600622,-0.10647246452623352,-0.43172464566980057,0.5864890328056757,-0.33601744349161167,-0.44047157951798976,1.0,0.0,0.0,1.0,FRA_10202,0
-0.8483234520848101,-0.6810860981949266,-0.30336748773034405,-0.3126437655903419,-0.43172464566980057,0.0525283792896403,-0.33601744349161167,-0.44047157951798976,0.0,1.0,0.0,1.0,FRA_10203,0
-0.15826370326250636,-0.16884150840222675,-0.29597268990577946,-0.4257377317080325,-0.43172464566980057,0.5864890328056757,-0.33601744349161167,-0.44047157951798976,1.0,0.0,0.0,1.0,FRA_10204,0
1.6118895654555767,3.2247788989744084,1.9653564848461003,2.6688334473707207,3.529051920108186,-1.4826084995689621,4.144215136396544,3.8694264588185048,0.0,1.0,1.0,0.0,FRA_10205,1
-0.3382792899118031,-0.3609332295744893,-0.3945526964606196,-0.47627972541549596,-0.43172464566980057,0.7867242778741892,-0.33601744349161167,-0.44047157951798976,0.0,1.0,0.0,1.0,FRA_10206,0
1.2018540625321787,0.7062429991603019,-0.3670210284359803,-0.10847412764336083,-0.43172464566980057,0.31950870604765835,-0.33601744349161167,-0.44047157951798976,0.0,1.0,0.0,1.0,FRA_10207,0
-1.0783433683589112,-0.8447197866009278,-0.28218890009102565,-0.3051375289011147,-0.43172464566980057,0.6532341144951802,-0.33601744349161167,-0.44047157951798976,0.0,1.0,0.0,1.0,FRA_10208,0
0.6118029729594846,0.30783054043264657,-0.3893431839191036,-0.16552152648148785,-0.43172464566980057,0.6532341144951802,-0.33601744349161167,0.42150802814930916,0.0,1.0,0.0,1.0,FRA_10209,0
1.6818956269303031,1.1188844742710877,-0.3723059515766967,-0.2185655990853604,-0.43172464566980057,0.7199791961846848,-0.33601744349161167,-0.44047157951798976,0.0,1.0,0.0,1.0,FRA_10210,0
-1.378369346107739,-1.1221856060719737,-0.272068576007768,-0.38870696404117805,-0.43172464566980057,0.31950870604765835,-0.33601744349161167,-0.44047157951798976,0.0,1.0,0.0,1.0,FRA_10211,0
-1.7083979216314493,-1.3356208518189316,-0.35415440109150537,-0.2721100874685148,-0.43172464566980057,0.5864890328056757,-0.33601744349161167,-0.44047157951798976,1.0,0.0,0.0,1.0,FRA_10212,0
-0.21826889881227196,-0.31113167223353233,-0.3219805762040559,-0.44375269976217785,-0.43172464566980057,0.31950870604765835,-0.33601744349161167,-0.44047157951798976,0.0,1.0,0.0,1.0,FRA_10213,0
-1.4183728098075827,-1.470796507458672,1.3642295620677614,2.3500685959682035,2.5388577786636897,-2.6840199699800427,2.650804276433825,1.2834876358166079,0.0,1.0,1.0,0.0,FRA_10214,1
0.8818263529334295,0.5568383271374312,-0.3530769619954734,-0.4637693309334505,-0.43172464566980057,-0.014216702399864218,-0.33601744349161167,-0.44047157951798976,1.0,0.0,0.0,1.0,FRA_10215,0
1.461876576581163,0.7987316056506504,-0.2657228592852929,-0.5703578919204774,0.5584694957746962,0.11927346097914482,-0.33601744349161167,-0.44047157951798976,1.0,0.0,0.0,1.0,FRA_10216,0
-0.21826889881227196,-0.21864306574318387,-0.3072804665572043,-0.31414501292818736,-0.43172464566980057,0.5864890328056757,-0.33601744349161167,-0.44047157951798976,1.0,0.0,0.0,1.0,FRA_10217,0
-0.8283217202348883,-0.6810860981949266,-0.34700203943274,-0.20455395726546954,0.5584694957746962,0.4529988694266667,-0.33601744349161167,-0.44047157951798976,1.0,0.0,0.0,1.0,FRA_10218,0
-0.21826889881227196,-0.24710109850944498,-0.36608090514461195,-0.5558458343213047,-0.43172464566980057,-0.014216702399864218,-0.33601744349161167,-0.44047157951798976,0.0,1.0,0.0,1.0,FRA_10219,0
0.7918185596087809,0.5212657861796046,-0.3121805031061546,-0.29112588708122383,-0.43172464566980057,0.31950870604765835,-0.33601744349161167,0.42150802814930916,0.0,1.0,0.0,1.0,FRA_10220,0
-1.7083979216314493,-1.0225824913900596,1.9989725846422972,1.7830975180419055,1.5486636372191929,-3.5517060319436005,4.144215136396544,1.2834876358166079,1.0,0.0,0.0,1.0,FRA_10221,1
0.32177786113561785,0.0588227537278619,-0.3173867919394147,-0.37469532222128715,-0.43172464566980057,0.5864890328056757,-0.33601744349161167,-0.44047157951798976,0.0,1.0,0.0,1.0,FRA_10222,0
0.411785654460266,3.004229145035885,4.038349305611595,1.5834316221084606,2.5388577786636897,-3.2847257051855827,1.1573934164711068,1.2834876358166079,0.0,1.0,1.0,0.0,FRA_10223,1
0.49179258185995345,0.2509144749001243,-0.3884272256700459,-0.1605173686886697,-0.43172464566980057,0.31950870604765835,-0.33601744349161167,0.42150802814930916,1.0,0.0,0.0,1.0,FRA_10224,0
-0.8883269157846536,-0.7237731473443183,-0.34419407522596596,-0.12448743258037888,-0.43172464566980057,0.11927346097914482,-0.33601744349161167,-0.44047157951798976,0.0,1.0,0.0,1.0,FRA_10225,0
0.7618159618338983,0.478578737030213,-0.34089471728300563,-0.5293237980193685,-0.43172464566980057,0.3862537877371629,-0.33601744349161167,-0.44047157951798976,0.0,1.0,0.0,1.0,FRA_10226,0
-1.4183728098075827,-0.6526280654286655,1.979841470937145,1.660996067897142,2.5388577786636897,-1.9498240713954937,2.650804276433825,1.2834876358166079,0.0,1.0,0.0,1.0,FRA_10227,1
-1.0383399046590676,-0.8874068357503195,-0.2864553112241638,-0.5293237980193685,-0.43172464566980057,0.0525283792896403,-0.33601744349161167,-0.44047157951798976,0.0,1.0,0.0,1.0,FRA_10228,0
1.3318653195566708,0.8343041466084766,-0.4101812340851674,-0.5773637128304229,-0.43172464566980057,0.25276362435815386,-0.33601744349161167,-0.44047157951798976,0.0,1.0,0.0,1.0,FRA_10229,0
0.8518237551585465,0.4074336551145605,-0.2948638690885042,-0.22557141999530583,-0.43172464566980057,0.11927346097914482,-0.33601744349161167,-0.44047157951798976,0.0,1.0,0.0,1.0,FRA_10230,0
-1.6883961897815274,-1.3213918354358012,-0.35619174047309304,-0.33616330721658727,-0.43172464566980057,0.5864890328056757,-0.33601744349161167,-0.44047157951798976,1.0,0.0,0.0,1.0,FRA_10231,0
-0.8683251839347318,-0.7664601964937098,-0.30180816296604007,-0.5548450027627412,-0.43172464566980057,0.25276362435815386,-0.33601744349161167,-0.44047157951798976,0.0,1.0,0.0,1.0,FRA_10232,0
-0.988335575034263,-0.10481093467813939,1.9653564848461003,3.374920111937364,2.5388577786636897,-1.5493535812584667,2.650804276433825,3.8694264588185048,0.0,1.0,1.0,0.0,FRA_10233,1
-0.7883182565350445,-0.7237731473443183,-0.26682982001172867,-0.5648533183483775,-0.43172464566980057,-0.08096178408936873,-0.33601744349161167,-0.44047157951798976,1.0,0.0,0.0,1.0,FRA_10234,0
-0.8683251839347318,-0.716658639152753,-0.366832005637517,-0.42123398969449616,-0.43172464566980057,0.11927346097914482,-0.33601744349161167,-0.44047157951798976,1.0,0.0,0.0,1.0,FRA_10235,0
-1.5183814690571917,-1.499254540224933,1.3632236602558834,2.450151751824567,1.5486636372191929,-2.617274888290538,2.650804276433825,3.8694264588185048,1.0,0.0,0.0,1.0,FRA_10236,1
-0.1282611054876238,-0.24710109850944498,-0.3257426895733924,-0.17552984206712424,-0.43172464566980057,0.8534693595636937,-0.33601744349161167,-0.44047157951798976,1.0,0.0,0.0,1.0,FRA_10237,0
0.8218211573836639,3.7441379969586737,4.0536559828608425,1.271172175836607,2.5388577786636897,-2.8175101333590513,4.144215136396544,1.2834876358166079,0.0,1.0,0.0,1.0,FRA_10238,1
0.3817830566853834,0.22245644213386317,-0.30817818317685924,-0.45876517314063237,-0.43172464566980057,-0.08096178408936873,-0.33601744349161167,-0.44047157951798976,0.0,1.0,0.0,1.0,FRA_10239,0
0.6218038388844453,0.34340308139047276,-0.3894160442343696,-0.30413669734255105,-0.43172464566980057,0.18601854266864934,-0.33601744349161167,-0.44047157951798976,0.0,1.0,0.0,1.0,FRA_10240,0
-1.4583762735074262,-1.1577581470298,-0.37211171935870474,-0.5403329451635684,-0.43172464566980057,0.7867242778741892,-0.33601744349161167,0.42150802814930916,0.0,1.0,0.0,1.0,FRA_10241,0
1.591887833605655,-0.6170555244708391,1.3730226672013583,2.9655800044848375,1.5486636372191929,-3.0844904601170695,1.1573934164711068,2.145467243483907,0.0,1.0,1.0,0.0,FRA_10242,1
1.1918531966072181,0.734701031926563,-0.4101812340851674,-0.21055894661685134,-0.43172464566980057,0.18601854266864934,-0.33601744349161167,0.42150802814930916,0.0,1.0,0.0,1.0,FRA_10243,0
1.0818436714326476,0.5497238189458657,-0.27602059483829616,-0.3466720385815054,0.5584694957746962,0.4529988694266667,-0.33601744349161167,-0.44047157951798976,0.0,1.0,0.0,1.0,FRA_10244,0
1.1418488669824132,0.6422124254362143,-0.3398990530516979,-0.4182314950188052,-0.43172464566980057,0.3862537877371629,-0.33601744349161167,-0.44047157951798976,0.0,1.0,0.0,1.0,FRA_10245,0
1.5218817721309281,0.8627621793747378,-0.2917202441118662,-0.5818674548439592,0.5584694957746962,0.25276362435815386,-0.33601744349161167,-0.44047157951798976,0.0,1.0,0.0,1.0,FRA_10246,0
0.16176400633624297,-0.06923839372031314,-0.2864553112241638,-0.24809013006298758,0.5584694957746962,0.4529988694266667,-0.33601744349161167,-0.44047157951798976,0.0,1.0,0.0,1.0,FRA_10247,0
-1.0383399046590676,-0.8447197866009278,-0.38543604951296667,-0.2065556203825968,-0.43172464566980057,0.7199791961846848,-0.33601744349161167,-0.44047157951798976,0.0,1.0,0.0,1.0,FRA_10248,0
0.4217865203852272,1.7022741459794402,1.9675891330781783,3.320875207774928,1.5486636372191929,-3.484960950254096,2.650804276433825,3.8694264588185048,0.0,1.0,1.0,0.0,FRA_10249,1
0.8618246210835077,0.5354948025627352,-0.36228732846155326,-0.38870696404117805,-0.43172464566980057,0.4529988694266667,-0.33601744349161167,-0.44047157951798976,1.0,0.0,0.0,1.0,FRA_10250,0
0.8418228892335858,0.4572352124555173,-0.3716173100765429,-0.4852872094425686,-0.43172464566980057,0.7867242778741892,-0.33601744349161167,0.42150802814930916,0.0,1.0,0.0,1.0,FRA_10251,0
0.09175794486151667,-0.0621238855287477,-0.3846926319507117,-0.46326891515416874,-0.43172464566980057,0.7199791961846848,-0.33601744349161167,-0.44047157951798976,0.0,1.0,0.0,1.0,FRA_10252,0
-1.49837973720727,-1.1577581470298,-0.28979925508527193,-0.418731910798087,0.5584694957746962,0.7199791961846848,-0.33601744349161167,-0.44047157951798976,0.0,1.0,0.0,1.0,FRA_10253,0
-0.43828794916141217,-0.4463073278732725,-0.36069086494076597,-0.5853703652989319,-0.43172464566980057,0.18601854266864934,-0.33601744349161167,-0.44047157951798976,1.0,0.0,0.0,1.0,FRA_10254,0
1.481878308431085,0.941021769481956,-0.4101812340851674,-0.3882065482618962,-0.43172464566980057,0.4529988694266667,-0.33601744349161167,-0.44047157951798976,0.0,1.0,0.0,1.0,FRA_10255,0
0.3117769952106567,0.19399840936760207,-0.2704437212068574,-0.4962963565867686,-0.43172464566980057,0.31950870604765835,-0.33601744349161167,-0.44047157951798976,0.0,1.0,0.0,1.0,FRA_10256,0
0.14176227448632112,-0.07635290191187825,-0.29789216123652573,-0.375195738000569,-0.43172464566980057,0.0525283792896403,-0.33601744349161167,-0.44047157951798976,0.0,1.0,0.0,1.0,FRA_10257,0
-0.7983191224600055,-0.6383990490455349,-0.2864553112241638,-0.09045915958921538,-0.43172464566980057,0.11927346097914482,-0.33601744349161167,-0.44047157951798976,0.0,1.0,0.0,1.0,FRA_10258,0
-0.44828881508637314,-0.4463073278732725,-0.3770033329827754,-0.4687734887262687,-0.43172464566980057,0.7867242778741892,-0.33601744349161167,0.42150802814930916,1.0,0.0,0.0,1.0,FRA_10259,0
1.3918705151064363,0.7631590646928241,-0.2792976132074118,-0.4202331581359324,-0.43172464566980057,0.11927346097914482,-0.33601744349161167,-0.44047157951798976,1.0,0.0,0.0,1.0,FRA_10260,0
0.5918012411095628,0.33628857319890765,-0.3682106030086432,-0.16402027914364242,-0.43172464566980057,0.3862537877371629,-0.33601744349161167,-0.44047157951798976,0.0,1.0,0.0,1.0,FRA_10261,0
1.021838475882882,0.5568383271374312,-0.33731197890322706,-0.2931275501983511,-0.43172464566980057,-0.014216702399864218,-0.33601744349161167,-0.44047157951798976,1.0,0.0,0.0,1.0,FRA_10262,0
-0.14826283733754567,-0.24710109850944498,-0.3533501881777208,-0.1274899272560698,-0.43172464566980057,0.11927346097914482,-0.33601744349161167,-0.44047157951798976,1.0,0.0,0.0,1.0,FRA_10263,0
0.47179085001003157,0.2509144749001243,-0.3663521248797934,-0.530825045357214,0.5584694957746962,0.7199791961846848,-0.33601744349161167,-0.44047157951798976,0.0,1.0,0.0,1.0,FRA_10264,0
-0.8683251839347318,-0.716658639152753,-0.366832005637517,-0.5813670390646773,-0.43172464566980057,0.6532341144951802,-0.33601744349161167,-0.44047157951798976,1.0,0.0,0.0,1.0,FRA_10265,0
0.7318133640590158,0.35763209777360333,-0.34019485347692274,-0.2971308764326056,-0.43172464566980057,0.7867242778741892,-0.33601744349161167,-0.44047157951798976,0.0,1.0,0.0,1.0,FRA_10266,0
-0.2382706306621938,-0.23998659031787953,-0.3210985696252448,-0.3356628914373055,-0.43172464566980057,0.18601854266864934,-0.33601744349161167,-0.44047157951798976,0.0,1.0,0.0,1.0,FRA_10267,0
-0.18826630103738937,-0.19729954116848786,-0.3087863314478568,-0.35617993838785994,-0.43172464566980057,0.3862537877371629,-0.33601744349161167,-0.44047157951798976,0.0,1.0,0.0,1.0,FRA_10268,0
0.5317960455597972,0.2580289830916894,-0.39946129853042317,-0.11998369056684255,-0.43172464566980057,0.31950870604765835,-0.33601744349161167,-0.44047157951798976,1.0,0.0,0.0,1.0,FRA_10269,0
1.54188350398085,1.0335103759723046,-0.35519193503583224,-0.15751487401297878,0.5584694957746962,0.25276362435815386,-0.33601744349161167,-0.44047157951798976,0.0,1.0,0.0,1.0,FRA_10270,0
-1.5183814690571917,-1.2146742125623222,-0.2864553112241638,-0.2260718357745877,-0.43172464566980057,0.0525283792896403,-0.33601744349161167,-0.44047157951798976,1.0,0.0,0.0,1.0,FRA_10271,0
1.1518497329073745,0.5995253762868229,-0.27879087352480975,-0.17803192096353326,-0.43172464566980057,0.25276362435815386,-0.33601744349161167,-0.44047157951798976,1.0,0.0,0.0,1.0,FRA_10272,0
-0.7183121950603181,-0.5814829835130126,-0.2929672019010587,-0.2641034350000057,-0.43172464566980057,0.0525283792896403,-0.33601744349161167,-0.44047157951798976,0.0,1.0,0.0,1.0,FRA_10273,0
-0.18826630103738937,-0.21152855755161842,-0.3377563036299454,-0.1029695540712608,-0.43172464566980057,-0.14770686577887324,-0.33601744349161167,-0.44047157951798976,1.0,0.0,0.0,1.0,FRA_10274,0
-1.6583935920066446,-1.3000483108611054,-0.35898430048751073,-0.17903275252209688,-0.43172464566980057,0.31950870604765835,-0.33601744349161167,-0.44047157951798976,0.0,1.0,0.0,1.0,FRA_10275,0
-0.6883095972854353,-0.6526280654286655,-0.2760782983390473,-0.36468700663565085,-0.43172464566980057,0.18601854266864934,-0.33601744349161167,-0.44047157951798976,0.0,1.0,0.0,1.0,FRA_10276,0
0.02175188338678994,-0.09769642648657426,-0.4101812340851674,-0.5273221349022412,0.5584694957746962,0.5197439511161712,-0.33601744349161167,-0.44047157951798976,0.0,1.0,0.0,1.0,FRA_10277,0
-1.5383832009071137,-1.2289032289454527,-0.28292028485670695,-0.5663545656862229,-0.43172464566980057,0.0525283792896403,-0.33601744349161167,-0.44047157951798976,0.0,1.0,0.0,1.0,FRA_10278,0
-0.018251580313053337,1.1331134906542184,1.9573310195794407,2.5337211869646303,3.529051920108186,-1.74958882632698,2.650804276433825,1.2834876358166079,1.0,0.0,1.0,0.0,FRA_10279,1
1.5018800402810069,0.9765943104397823,-0.38636233984454654,-0.1935448101212696,0.5584694957746962,0.11927346097914482,-0.33601744349161167,-0.44047157951798976,1.0,0.0,0.0,1.0,FRA_10280,0
-1.3683684801827778,-1.0652695405394514,-0.307787366889854,-0.19704772057624234,-0.43172464566980057,0.7867242778741892,-0.33601744349161167,-0.44047157951798976,0.0,1.0,0.0,1.0,FRA_10281,0
0.9418315484831951,0.6493269336277797,-0.28878976259889994,-0.5643529025690956,-0.43172464566980057,0.7199791961846848,-0.33601744349161167,-0.44047157951798976,0.0,1.0,0.0,1.0,FRA_10282,0
-0.3082766921369203,-0.3324751968082282,-0.4101812340851674,-0.4277393948251597,0.5584694957746962,0.6532341144951802,-0.33601744349161167,-0.44047157951798976,0.0,1.0,0.0,1.0,FRA_10283,0
0.551797777409719,0.3007160322410811,-0.37825196366942476,-0.17903275252209688,-0.43172464566980057,0.31950870604765835,-0.33601744349161167,-0.44047157951798976,0.0,1.0,0.0,1.0,FRA_10284,0
-0.8283217202348883,-0.716658639152753,-0.36806177098354914,-0.557847497438432,-0.43172464566980057,-0.014216702399864218,-0.33601744349161167,0.42150802814930916,1.0,0.0,0.0,1.0,FRA_10285,0
-1.1783520276085204,-0.9514374094744069,-0.4101812340851674,-0.2330776566845331,-0.43172464566980057,0.11927346097914482,-0.33601744349161167,-0.44047157951798976,0.0,1.0,0.0,1.0,FRA_10286,0
-1.1783520276085204,-0.9300938848997111,-0.32614098459467433,-0.27711424526133294,0.5584694957746962,0.5197439511161712,-0.33601744349161167,-0.44047157951798976,0.0,1.0,0.0,1.0,FRA_10287,0
-1.488378871282309,-1.1719871634129304,-0.4101812340851674,-0.11848244322899713,-0.43172464566980057,-0.14770686577887324,-0.33601744349161167,-0.44047157951798976,0.0,1.0,0.0,1.0,FRA_10288,0
-1.0883442342838723,-0.873177819367189,-0.35853910976057457,-0.2150626886303877,-0.43172464566980057,0.7199791961846848,-0.33601744349161167,0.42150802814930916,0.0,1.0,0.0,1.0,FRA_10289,0
0.5818003751846016,0.2509144749001243,-0.33647217365733567,-0.1480069742066243,-0.43172464566980057,-0.08096178408936873,-0.33601744349161167,-0.44047157951798976,1.0,0.0,0.0,1.0,FRA_10290,0
1.3518670514065927,0.734701031926563,-0.2778392998828686,-0.16702277381933336,-0.43172464566980057,0.11927346097914482,-0.33601744349161167,-0.44047157951798976,0.0,1.0,0.0,1.0,FRA_10291,0
1.1118462692075306,0.6279834090530837,-0.34813360709815644,-0.5443362713978229,-0.43172464566980057,-0.014216702399864218,-0.33601744349161167,0.42150802814930916,1.0,0.0,0.0,1.0,FRA_10292,0
0.6618073025842891,0.42166267149769104,-0.31802675360938515,-0.5828682864025228,-0.43172464566980057,-0.14770686577887324,-0.33601744349161167,-0.44047157951798976,0.0,1.0,0.0,1.0,FRA_10293,0
-1.348366748332856,-1.1008420814972777,-0.27672405886430956,-0.42173440547377794,-0.43172464566980057,0.6532341144951802,-0.33601744349161167,-0.44047157951798976,1.0,0.0,0.0,1.0,FRA_10294,0
-0.7283130609852789,-0.6099410162792738,-0.3511860920587286,-0.49579594080748673,-0.43172464566980057,0.11927346097914482,-0.33601744349161167,-0.44047157951798976,0.0,1.0,0.0,1.0,FRA_10295,0
-0.6583069995105525,-0.6170555244708391,-0.3162121787476963,-0.49879843548317765,-0.43172464566980057,0.7199791961846848,-0.33601744349161167,-0.44047157951798976,0.0,1.0,0.0,1.0,FRA_10296,0
-0.8683251839347318,-0.7095441309611877,-0.3451573914136915,-0.26260218766216026,-0.43172464566980057,0.11927346097914482,-0.33601744349161167,-0.44047157951798976,1.0,0.0,0.0,1.0,FRA_10297,0
0.06175534708663366,0.0019066881953396625,-0.28107592327368536,-0.2595996929864694,-0.43172464566980057,-0.014216702399864218,-0.33601744349161167,-0.44047157951798976,0.0,1.0,0.0,1.0,FRA_10298,0
0.1317614085613604,-1.029696999581625,1.3689662136376177,3.7647440039978988,2.5388577786636897,-3.484960950254096,2.650804276433825,1.2834876358166079,1.0,0.0,1.0,0.0,FRA_10299,1
-0.48829227878621684,-0.46053634425640305,-0.4101812340851674,-0.24458721960801486,-0.43172464566980057,0.18601854266864934,-0.33601744349161167,0.42150802814930916,0.0,1.0,0.0,1.0,FRA_10300,0
-0.4982931447111778,-0.51033790159736,-0.307787366889854,-0.503302177496714,-0.43172464566980057,-0.014216702399864218,-0.33601744349161167,-0.44047157951798976,0.0,1.0,0.0,1.0,FRA_10301,0
1.161850598832335,0.6208689008615186,-0.2966445048715407,-0.17853233674281507,-0.43172464566980057,0.5864890328056757,-0.33601744349161167,-0.44047157951798976,0.0,1.0,0.0,1.0,FRA_10302,0
1.021838475882882,0.7204720155434324,-0.2735513806190282,-0.2340784882430967,-0.43172464566980057,0.5864890328056757,-0.33601744349161167,-0.44047157951798976,0.0,1.0,0.0,1.0,FRA_10303,0
-0.6583069995105525,-0.5530249507467515,-0.33500598981519053,-0.32865707052736004,-0.43172464566980057,0.6532341144951802,-0.33601744349161167,-0.44047157951798976,0.0,1.0,0.0,1.0,FRA_10304,0
1.461876576581163,-0.6526280654286655,1.3714720551132835,3.311367307968573,3.529051920108186,-3.5517060319436005,2.650804276433825,2.145467243483907,0.0,1.0,1.0,0.0,FRA_10305,1
1.591887833605655,1.047739392355435,-0.3791689923236625,-0.21956643064392403,-0.43172464566980057,0.7199791961846848,-0.33601744349161167,-0.44047157951798976,0.0,1.0,0.0,1.0,FRA_10306,0
-0.5983018039607871,-0.49610888521422947,-0.30154383840233495,-0.3596828488428327,-0.43172464566980057,-0.014216702399864218,-0.33601744349161167,0.42150802814930916,0.0,1.0,0.0,1.0,FRA_10307,0
-0.4982931447111778,-0.5174524097889253,-0.29072172235730176,-0.49029136723538674,-0.43172464566980057,0.4529988694266667,-0.33601744349161167,-0.44047157951798976,0.0,1.0,0.0,1.0,FRA_10308,0
0.031752749311751094,-0.1546124920190962,-0.29245084052579856,-0.44475353132074147,-0.43172464566980057,0.0525283792896403,-0.33601744349161167,-0.44047157951798976,1.0,0.0,0.0,1.0,FRA_10309,0
1.5518843699058111,1.047739392355435,-0.34750213859885415,-0.48128388320831406,-0.43172464566980057,0.25276362435815386,-0.33601744349161167,0.42150802814930916,1.0,0.0,0.0,1.0,FRA_10310,0
1.3318653195566708,0.9481362776735212,-0.2770978884867769,-0.18954148388701506,-0.43172464566980057,-0.08096178408936873,-0.33601744349161167,-0.44047157951798976,1.0,0.0,0.0,1.0,FRA_10311,0
-1.378369346107739,-1.107956589688843,-0.3411249050464677,-0.3366637229958691,-0.43172464566980057,0.7199791961846848,-0.33601744349161167,-0.44047157951798976,0.0,1.0,0.0,1.0,FRA_10312,0
-0.3682818876866857,-0.3893912623407503,-0.37842270843100606,-0.2460884669458603,-0.43172464566980057,-0.08096178408936873,-0.33601744349161167,-0.44047157951798976,0.0,1.0,0.0,1.0,FRA_10313,0
0.2017674700360867,-1.0154679831984945,1.3787739128559,3.4965211463028454,2.5388577786636897,-2.9510002967380604,2.650804276433825,2.145467243483907,1.0,0.0,1.0,0.0,FRA_10314,1
0.02175188338678994,-0.12615445925283506,-0.35762508986102487,-0.1835364945356333,-0.43172464566980057,0.31950870604765835,-0.33601744349161167,-0.44047157951798976,0.0,1.0,0.0,1.0,FRA_10315,0
-1.0583416365089895,-0.8518342947924932,-0.35985204512475916,-0.09596373316131541,-0.43172464566980057,0.5197439511161712,-0.33601744349161167,-0.44047157951798976,0.0,1.0,0.0,1.0,FRA_10316,0
1.2718601240069052,0.8912202121409989,-0.2917427438250613,-0.5118092457445048,-0.43172464566980057,0.4529988694266667,-0.33601744349161167,-0.44047157951798976,0.0,1.0,0.0,1.0,FRA_10317,0
0.6318047048094064,0.32917406500734225,-0.3998348154487069,-0.42273523703234156,-0.43172464566980057,0.7199791961846848,-0.33601744349161167,-0.44047157951798976,0.0,1.0,0.0,1.0,FRA_10318,0
1.1918531966072181,2.691190784607013,1.9705508093044044,3.3068635659550374,3.529051920108186,-3.6851961953226096,4.144215136396544,1.2834876358166079,1.0,0.0,1.0,0.0,FRA_10319,1
1.2718601240069052,0.7418155401181281,-0.35096198895511455,-0.49879843548317765,-0.43172464566980057,0.18601854266864934,-0.33601744349161167,-0.44047157951798976,0.0,1.0,0.0,1.0,FRA_10320,0
0.8818263529334295,0.507036769796474,-0.40066385540355154,-0.5233188086679866,0.5584694957746962,0.7199791961846848,-0.33601744349161167,-0.44047157951798976,0.0,1.0,0.0,1.0,FRA_10321,0
-0.19826716696235008,-0.31113167223353233,-0.2937333066865757,-0.20155146258977868,-0.43172464566980057,0.6532341144951802,-0.33601744349161167,-0.44047157951798976,0.0,1.0,0.0,1.0,FRA_10322,0
0.4017847885353053,-0.9585519176659721,1.378220741814793,3.666662511258663,1.5486636372191929,-1.74958882632698,2.650804276433825,3.8694264588185048,1.0,0.0,1.0,0.0,FRA_10323,1
-1.1783520276085204,-0.9727809340491027,-0.32614098459467433,-0.17753150518425145,-0.43172464566980057,0.7199791961846848,-0.33601744349161167,-0.44047157951798976,0.0,1.0,0.0,1.0,FRA_10324,0
0.6218038388844453,0.28648701585795056,-0.3478856645327739,-0.45726392580278685,-0.43172464566980057,0.8534693595636937,-0.33601744349161167,-0.44047157951798976,0.0,1.0,0.0,1.0,FRA_10325,0
-1.108345966133794,-0.9372083930912763,-0.27879087352481013,-0.2971308764326056,-0.43172464566980057,0.3862537877371629,-0.33601744349161167,-0.44047157951798976,0.0,1.0,0.0,1.0,FRA_10326,0
0.6918099003591721,3.5022447184454544,4.038884715619725,3.895852938169735,1.5486636372191929,-3.484960950254096,1.1573934164711068,3.8694264588185048,1.0,0.0,0.0,1.0,FRA_10327,1
-0.9383312454094582,-0.7949182292599709,-0.3644978164134122,-0.2786154925991784,-0.43172464566980057,0.31950870604765835,-0.33601744349161167,0.42150802814930916,0.0,1.0,0.0,1.0,FRA_10328,0
-1.3283650164829341,-1.079498556922582,-0.31228819621712056,-0.3962132007304053,-0.43172464566980057,0.8534693595636937,-0.33601744349161167,-0.44047157951798976,0.0,1.0,0.0,1.0,FRA_10329,0
-1.1583502957585985,-0.9372083930912763,-0.4101812340851674,-0.3036362815632692,0.5584694957746962,0.7199791961846848,-0.33601744349161167,-0.44047157951798976,0.0,1.0,0.0,1.0,FRA_10330,0
-1.728399653481371,-1.3498498682020623,-0.35195727038587155,-0.3576811857257054,-0.43172464566980057,0.4529988694266667,-0.33601744349161167,-0.44047157951798976,0.0,1.0,0.0,1.0,FRA_10331,0
0.7818176936838203,0.5497238189458657,-0.2626933790190706,-0.552342923866332,-0.43172464566980057,0.25276362435815386,-0.33601744349161167,-0.44047157951798976,0.0,1.0,0.0,1.0,FRA_10332,0
0.8218211573836639,0.3718611141567339,-0.2743253187868105,-0.5438358556185412,-0.43172464566980057,0.7199791961846848,-0.33601744349161167,-0.44047157951798976,0.0,1.0,0.0,1.0,FRA_10333,0
0.06175534708663366,-0.0621238855287477,-0.3972707030040189,-0.4622680835956051,-0.43172464566980057,0.5864890328056757,-0.33601744349161167,-0.44047157951798976,1.0,0.0,0.0,1.0,FRA_10334,0
-1.1783520276085204,-0.9727809340491027,-0.32614098459467433,-0.541333776722132,-0.43172464566980057,0.4529988694266667,-0.33601744349161167,-0.44047157951798976,0.0,1.0,0.0,1.0,FRA_10335,0
-1.4483754075824653,-1.1221856060719737,-0.29741836768020247,-0.3576811857257054,-0.43172464566980057,0.7867242778741892,-0.33601744349161167,-0.44047157951798976,0.0,1.0,0.0,1.0,FRA_10336,0
-1.6683944579316057,-1.3071628190526705,-0.35808610867000856,-0.12398701680109708,-0.43172464566980057,0.7867242778741892,-0.33601744349161167,0.42150802814930916,1.0,0.0,0.0,1.0,FRA_10337,0
-1.1583502957585985,-0.9229793767081458,-0.35519193503583246,-0.18103441563922418,-0.43172464566980057,0.5197439511161712,-0.33601744349161167,-0.44047157951798976,0.0,1.0,0.0,1.0,FRA_10338,0
1.3818696491814757,0.7560445565012587,-0.27893605624366075,-0.4182314950188052,-0.43172464566980057,-0.014216702399864218,-0.33601744349161167,-0.44047157951798976,0.0,1.0,0.0,1.0,FRA_10339,0
-0.8883269157846536,-0.7806892128768403,-0.3002026359864975,-0.23157640934668763,0.5584694957746962,0.8534693595636937,-0.33601744349161167,-0.44047157951798976,0.0,1.0,0.0,1.0,FRA_10340,0
-0.4982931447111778,-0.42496380329857664,-0.307787366889854,-0.2210676779817695,-0.43172464566980057,0.4529988694266667,-0.33601744349161167,-0.44047157951798976,0.0,1.0,0.0,1.0,FRA_10341,0
-1.3683684801827778,-1.0581550323478859,-0.27365607782474954,-0.4137277530052689,-0.43172464566980057,0.5197439511161712,-0.33601744349161167,-0.44047157951798976,1.0,0.0,0.0,1.0,FRA_10342,0
-0.9583329772593802,-0.8162617538346667,-0.34058540247585284,-0.2741117505856421,-0.43172464566980057,0.5864890328056757,-0.33601744349161167,-0.44047157951798976,0.0,1.0,0.0,1.0,FRA_10343,0
0.08175707893655552,-0.04078036095405202,-0.38458276728633906,-0.27361133480636024,-0.43172464566980057,0.4529988694266667,-0.33601744349161167,-0.44047157951798976,1.0,0.0,0.0,1.0,FRA_10344,0
0.39178392261034417,0.20822742575073264,-0.3424377630129829,-0.2260718357745877,-0.43172464566980057,0.0525283792896403,-0.33601744349161167,-0.44047157951798976,0.0,1.0,0.0,1.0,FRA_10345,0
-0.8783260498596926,0.713357507351867,4.04395198891096,2.926547573700856,1.5486636372191929,-3.751941277012114,2.650804276433825,3.8694264588185048,0.0,1.0,1.0,0.0,FRA_10346,1
-1.5383832009071137,-1.1933306879876262,-0.32534060126619346,-0.4262381474873143,-0.43172464566980057,0.4529988694266667,-0.33601744349161167,-0.44047157951798976,0.0,1.0,0.0,1.0,FRA_10347,0
-0.3682818876866857,-0.4391928196817072,-0.26726786864144125,-0.22206850954033316,-0.43172464566980057,0.4529988694266667,-0.33601744349161167,-0.44047157951798976,0.0,1.0,0.0,1.0,FRA_10348,0
-0.9183295135595364,-0.7522311801105792,-0.3651899894084388,-0.48678845678041405,-0.43172464566980057,-0.014216702399864218,-0.33601744349161167,-0.44047157951798976,0.0,1.0,0.0,1.0,FRA_10349,0
-0.9683338431843411,-1.342735360010497,1.366795799761057,3.4409749948025636,3.529051920108186,-1.2156281728109448,1.1573934164711068,2.145467243483907,1.0,0.0,1.0,0.0,FRA_10350,1
1.6218904313805376,0.9908233268229127,-0.3563316096275287,-0.28862380818481476,-0.43172464566980057,0.6532341144951802,-0.33601744349161167,-0.44047157951798976,0.0,1.0,0.0,1.0,FRA_10351,0
0.4217865203852272,0.21534193394229806,-0.3655282694436022,-0.1850377418734787,-0.43172464566980057,0.31950870604765835,-0.33601744349161167,0.42150802814930916,1.0,0.0,0.0,1.0,FRA_10352,0
0.21176833596104785,0.0019066881953396625,-0.34958078207161436,-0.5803662075061138,-0.43172464566980057,-0.14770686577887324,-0.33601744349161167,0.42150802814930916,0.0,1.0,0.0,1.0,FRA_10353,0
-0.27827409436203754,-0.35381872138292403,-0.3192805560648382,-0.19504605745911507,-0.43172464566980057,0.0525283792896403,-0.33601744349161167,-0.44047157951798976,1.0,0.0,0.0,1.0,FRA_10354,0
-0.2382706306621938,-0.34670421319135875,-0.2765572373952835,-0.3476728701400691,-0.43172464566980057,0.7867242778741892,-0.33601744349161167,0.42150802814930916,1.0,0.0,0.0,1.0,FRA_10355,0
0.15176314041128225,-0.04789486914561714,-0.33563507135719867,-0.4857876252218504,-0.43172464566980057,0.11927346097914482,-0.33601744349161167,0.42150802814930916,1.0,0.0,0.0,1.0,FRA_10356,0
0.7018107662841327,3.5164737348285846,4.0338519135753685,3.2137862310086196,3.529051920108186,-1.6160986629479712,4.144215136396544,1.2834876358166079,1.0,0.0,1.0,0.0,FRA_10357,1
0.7218124981340547,0.37897562234829935,-0.38008573933519374,-0.09746498049916084,-0.43172464566980057,0.11927346097914482,-0.33601744349161167,-0.44047157951798976,1.0,0.0,0.0,1.0,FRA_10358,0
-1.1383485639086766,-0.9158648685165806,-0.38318648727913024,-0.4637693309334505,0.5584694957746962,0.11927346097914482,-0.33601744349161167,0.42150802814930916,0.0,1.0,0.0,1.0,FRA_10359,0
0.011751017461829232,-0.16884150840222675,-0.29140434813860416,-0.2611009403243148,0.5584694957746962,0.0525283792896403,-0.33601744349161167,0.42150802814930916,0.0,1.0,0.0,1.0,FRA_10360,0
-0.2982758262119594,-0.3324751968082282,-0.39487493434978554,-0.11648078011186981,-0.43172464566980057,0.18601854266864934,-0.33601744349161167,-0.44047157951798976,0.0,1.0,0.0,1.0,FRA_10361,0
1.3118635877067488,0.7702735728843892,-0.3516292480551715,-0.5433354398392594,-0.43172464566980057,-0.014216702399864218,-0.33601744349161167,-0.44047157951798976,1.0,0.0,0.0,1.0,FRA_10362,0
0.47179085001003157,0.27937250766638544,-0.32252301567441943,-0.5193154824337322,-0.43172464566980057,0.5197439511161712,-0.33601744349161167,-0.44047157951798976,0.0,1.0,0.0,1.0,FRA_10363,0
0.12176054263639925,-0.09058191829500882,-0.2969405589242491,-0.5063046721724049,0.5584694957746962,0.6532341144951802,-0.33601744349161167,-0.44047157951798976,1.0,0.0,0.0,1.0,FRA_10364,0
-1.3383658824078952,-1.4494529828839762,1.3714720551132835,2.2599937556974767,2.5388577786636897,-2.016569153084998,4.144215136396544,3.8694264588185048,0.0,1.0,1.0,0.0,FRA_10365,1
0.3817830566853834,0.11573881926038414,-0.34217920014629516,-0.5703578919204774,-0.43172464566980057,0.7199791961846848,-0.33601744349161167,-0.44047157951798976,0.0,1.0,0.0,1.0,FRA_10366,0
-1.3283650164829341,-1.0368115077731903,-0.31228819621712095,-0.0934616542649063,-0.43172464566980057,0.5197439511161712,-0.33601744349161167,-0.44047157951798976,0.0,1.0,0.0,1.0,FRA_10367,0
-0.5582983402609434,-0.45342183606483777,-0.26878017938687754,-0.09646414894059722,-0.43172464566980057,0.11927346097914482,-0.33601744349161167,-0.44047157951798976,0.0,1.0,0.0,1.0,FRA_10368,0
-1.238357223158286,-1.0225824913900596,-0.2914043481386039,-0.1990493836933696,0.5584694957746962,0.25276362435815386,-0.33601744349161167,-0.44047157951798976,0.0,1.0,0.0,1.0,FRA_10369,0
0.6818090344342109,0.35763209777360333,-0.3898427262176052,-0.3706919959870326,-0.43172464566980057,0.5864890328056757,-0.33601744349161167,0.42150802814930916,0.0,1.0,0.0,1.0,FRA_10370,0
-1.0183381728091456,-0.7949182292599709,-0.2641440792328352,-0.5023013459381503,-0.43172464566980057,0.5864890328056757,-0.33601744349161167,-0.44047157951798976,0.0,1.0,0.0,1.0,FRA_10371,0
-0.3682818876866857,-0.4320783114901419,-0.283147131468522,-0.45576267846494145,0.5584694957746962,0.4529988694266667,-0.33601744349161167,-0.44047157951798976,0.0,1.0,0.0,1.0,FRA_10372,0
1.3918705151064363,0.8200751302253461,-0.3447394236462894,-0.23007516200884218,-0.43172464566980057,0.25276362435815386,-0.33601744349161167,-0.44047157951798976,0.0,1.0,0.0,1.0,FRA_10373,0
-1.0183381728091456,-0.873177819367189,-0.28848360504155723,-0.17803192096353326,-0.43172464566980057,0.5197439511161712,-0.33601744349161167,-0.44047157951798976,0.0,1.0,0.0,1.0,FRA_10374,0
0.041753615236711804,-0.06923839372031314,-0.3841336713775877,-0.5363296189293139,-0.43172464566980057,0.7867242778741892,-0.33601744349161167,-0.44047157951798976,1.0,0.0,0.0,1.0,FRA_10375,0
-0.2682732284370766,0.8129606220337809,1.95631255952022,1.1825985829037258,1.5486636372191929,-3.2847257051855827,2.650804276433825,1.2834876358166079,0.0,1.0,1.0,0.0,FRA_10376,1
-1.6783953238565665,-1.285819294477975,-0.2511050475495919,-0.13149325349032434,-0.43172464566980057,0.6532341144951802,-0.33601744349161167,-0.44047157951798976,0.0,1.0,0.0,1.0,FRA_10377,0
1.0318393418078433,0.734701031926563,-0.2648884072392182,-0.10747329608479714,-0.43172464566980057,0.11927346097914482,-0.33601744349161167,-0.44047157951798976,0.0,1.0,0.0,1.0,FRA_10378,0
-1.49837973720727,-1.1933306879876262,-0.32992658141857045,-0.181534831418506,-0.43172464566980057,-0.08096178408936873,-0.33601744349161167,-0.44047157951798976,0.0,1.0,0.0,1.0,FRA_10379,0
-0.07825677586281891,-0.09769642648657426,-0.2727079864618306,-0.27461216636492386,-0.43172464566980057,-0.014216702399864218,-0.33601744349161167,0.42150802814930916,0.0,1.0,0.0,1.0,FRA_10380,0
0.22176920188600854,0.10150980287725359,-0.3136146601448718,-0.4492572733342778,-0.43172464566980057,-0.08096178408936873,-0.33601744349161167,-0.44047157951798976,0.0,1.0,0.0,1.0,FRA_10381,0
0.4617899840850709,0.22957095032542862,-0.38818551446543337,-0.12498784835966079,-0.43172464566980057,0.7199791961846848,-0.33601744349161167,-0.44047157951798976,0.0,1.0,0.0,1.0,FRA_10382,0
0.6718081685092502,0.4074336551145605,-0.3489560351436398,-0.22356975687817857,-0.43172464566980057,0.18601854266864934,-0.33601744349161167,-0.44047157951798976,0.0,1.0,0.0,1.0,FRA_10383,0
-0.8483234520848101,-0.7593456883021446,-0.2820047384593799,-0.4087235952124507,-0.43172464566980057,0.8534693595636937,-0.33601744349161167,-0.44047157951798976,0.0,1.0,0.0,1.0,FRA_10384,0
-1.7083979216314493,-1.3142773272442358,-0.29812756809784335,-0.37369449066272353,-0.43172464566980057,0.4529988694266667,-0.33601744349161167,0.42150802814930916,1.0,0.0,0.0,1.0,FRA_10385,0
0.7918185596087809,0.4358916878808213,-0.39058108788936485,-0.2876229766262511,-0.43172464566980057,0.25276362435815386,-0.33601744349161167,-0.44047157951798976,1.0,0.0,0.0,1.0,FRA_10386,0
0.1317614085613604,-0.0834674101034437,-0.29741836768020175,-0.5813670390646773,-0.43172464566980057,0.11927346097914482,-0.33601744349161167,-0.44047157951798976,0.0,1.0,0.0,1.0,FRA_10387,0
1.1918531966072181,4.391558242391114,4.039623385195707,1.680512283289133,2.5388577786636897,-2.483784724911529,1.1573934164711068,3.8694264588185048,0.0,1.0,1.0,0.0,FRA_10388,1
1.1318480010574525,0.7773880810759547,-0.3044451338360011,-0.15751487401297878,-0.43172464566980057,0.5864890328056757,-0.33601744349161167,-0.44047157951798976,0.0,1.0,0.0,1.0,FRA_10389,0
1.21185492845714,0.6279834090530837,-0.26386188183215425,-0.579865791726832,-0.43172464566980057,0.31950870604765835,-0.33601744349161167,-0.44047157951798976,0.0,1.0,0.0,1.0,FRA_10390,0
-0.0382533121629752,-0.21864306574318387,-0.26171012665196275,-0.37819823267625985,-0.43172464566980057,0.31950870604765835,-0.33601744349161167,-0.44047157951798976,1.0,0.0,0.0,1.0,FRA_10391,0
-0.5682992061859043,-0.5530249507467515,-0.321276379334746,-0.18303607875635142,-0.43172464566980057,0.0525283792896403,-0.33601744349161167,-0.44047157951798976,0.0,1.0,0.0,1.0,FRA_10392,0
1.0318393418078433,0.6493269336277797,-0.3738580273736801,-0.17452901050856054,-0.43172464566980057,0.11927346097914482,-0.33601744349161167,0.42150802814930916,0.0,1.0,0.0,1.0,FRA_10393,0
-0.15826370326250636,-0.2044140493600533,-0.3673530300178972,-0.36568783819421447,-0.43172464566980057,0.0525283792896403,-0.33601744349161167,-0.44047157951798976,0.0,1.0,0.0,1.0,FRA_10394,0
-1.0983451002088331,-0.9016358521334501,-0.3841336713775877,-0.09145999114777899,-0.43172464566980057,0.31950870604765835,-0.33601744349161167,-0.44047157951798976,0.0,1.0,0.0,1.0,FRA_10395,0
1.2518583921569837,0.8841057039494338,-0.28255564030304353,-0.18904106810773325,-0.43172464566980057,0.5864890328056757,-0.33601744349161167,-0.44047157951798976,0.0,1.0,0.0,1.0,FRA_10396,0
1.3518670514065927,0.8485331629916072,-0.4101812340851674,-0.4937942776903595,-0.43172464566980057,0.11927346097914482,-0.33601744349161167,0.42150802814930916,0.0,1.0,0.0,1.0,FRA_10397,0
-0.10825937363770194,-0.21152855755161842,-0.3683583869208848,-0.11347828543617898,-0.43172464566980057,0.4529988694266667,-0.33601744349161167,-0.44047157951798976,0.0,1.0,0.0,1.0,FRA_10398,0
-1.478378005357348,-1.1791016716044957,-0.33203854596242827,-0.40171777430250527,-0.43172464566980057,0.4529988694266667,-0.33601744349161167,-0.44047157951798976,0.0,1.0,0.0,1.0,FRA_10399,0
-0.3782827536116466,-1.1791016716044957,1.3778579091964323,2.0693353437911046,1.5486636372191929,-3.3514707868750873,1.1573934164711068,2.145467243483907,0.0,1.0,1.0,0.0,FRA_10400,1
1.071842805507687,0.6991284909687364,-0.3473837868324528,-0.38019989579338714,-0.43172464566980057,-0.08096178408936873,-0.33601744349161167,0.42150802814930916,0.0,1.0,0.0,1.0,FRA_10401,0
1.4218731128813193,0.941021769481956,-0.36150218246772337,-0.4472556102171506,-0.43172464566980057,-0.014216702399864218,-0.33601744349161167,0.42150802814930916,0.0,1.0,0.0,1.0,FRA_10402,0
-1.0283390387341067,-0.873177819367189,-0.31201851842685047,-0.2656046823378512,-0.43172464566980057,0.5864890328056757,-0.33601744349161167,-0.44047157951798976,0.0,1.0,0.0,1.0,FRA_10403,0
-1.5083806031322309,-1.1719871634129304,-0.32882720261491843,-0.2826188188334329,-0.43172464566980057,-0.08096178408936873,-0.33601744349161167,-0.44047157951798976,0.0,1.0,0.0,1.0,FRA_10404,0
1.3318653195566708,0.7702735728843892,-0.3353218521860729,-0.09546331738203352,-0.43172464566980057,0.5864890328056757,-0.33601744349161167,-0.44047157951798976,0.0,1.0,0.0,1.0,FRA_10405,0
-0.3782827536116466,-0.4178492951070114,-0.33035805804581025,-0.4702747360641141,-0.43172464566980057,0.25276362435815386,-0.33601744349161167,-0.44047157951798976,0.0,1.0,0.0,1.0,FRA_10406,0
0.16176400633624297,-0.0834674101034437,-0.26171012665196297,-0.1500086373237516,0.5584694957746962,0.18601854266864934,-0.33601744349161167,-0.44047157951798976,0.0,1.0,0.0,1.0,FRA_10407,0
1.6518930291554206,0.9267927530988255,-0.26514519083422244,-0.24959137740083306,-0.43172464566980057,-0.014216702399864218,-0.33601744349161167,-0.44047157951798976,1.0,0.0,0.0,1.0,FRA_10408,0
-1.5083806031322309,-1.1719871634129304,-0.32882720261491843,-0.2816179872748693,-0.43172464566980057,0.4529988694266667,-0.33601744349161167,-0.44047157951798976,0.0,1.0,0.0,1.0,FRA_10409,0
0.5317960455597972,0.23668545851699374,-0.36730149186619143,-0.20455395726546954,-0.43172464566980057,0.25276362435815386,-0.33601744349161167,0.42150802814930916,0.0,1.0,0.0,1.0,FRA_10410,0
-1.478378005357348,-1.1719871634129304,-0.3711098900237978,-0.20355312570690595,-0.43172464566980057,0.7199791961846848,-0.33601744349161167,0.42150802814930916,0.0,1.0,0.0,1.0,FRA_10411,0
-0.42828708323645126,-0.46765085244796833,-0.2953417034738491,-0.12148493790468805,-0.43172464566980057,0.6532341144951802,-0.33601744349161167,-0.44047157951798976,0.0,1.0,0.0,1.0,FRA_10412,0
1.071842805507687,0.7204720155434324,-0.32047059515271764,-0.16452069492292423,-0.43172464566980057,0.7867242778741892,-0.33601744349161167,-0.44047157951798976,0.0,1.0,0.0,1.0,FRA_10413,0
-0.21826889881227196,-0.3182461804250976,-0.307280466557204,-0.320650418058851,-0.43172464566980057,0.5197439511161712,-0.33601744349161167,-0.44047157951798976,0.0,1.0,0.0,1.0,FRA_10414,0
1.7519016884050298,1.2611746381023932,-0.27622234016047204,-0.5673553972447866,-0.43172464566980057,-0.14770686577887324,-0.33601744349161167,-0.44047157951798976,1.0,0.0,0.0,1.0,FRA_10415,0
0.22176920188600854,0.11573881926038414,-0.289473016659798,-0.2565971983107785,-0.43172464566980057,-0.14770686577887324,-0.33601744349161167,-0.44047157951798976,0.0,1.0,0.0,1.0,FRA_10416,0
-0.6183035358107087,-0.5530249507467515,-0.4101812340851674,-0.3401666334508418,-0.43172464566980057,0.5197439511161712,-0.33601744349161167,-0.44047157951798976,0.0,1.0,0.0,1.0,FRA_10417,0
-0.9683338431843411,-0.07635290191187825,1.9747089955505541,2.618791869442539,1.5486636372191929,-1.6160986629479712,1.1573934164711068,1.2834876358166079,0.0,1.0,1.0,0.0,FRA_10418,1
-0.5082940106361387,-0.51033790159736,-0.32435978470181226,-0.28562131350912384,-0.43172464566980057,0.5197439511161712,-0.33601744349161167,-0.44047157951798976,1.0,0.0,0.0,1.0,FRA_10419,0
-0.43828794916141217,-0.4107347869154461,-0.3771876546555664,-0.45676351002350507,-0.43172464566980057,-0.014216702399864218,-0.33601744349161167,-0.44047157951798976,0.0,1.0,0.0,1.0,FRA_10420,0
-1.49837973720727,-1.1577581470298,-0.28979925508527193,-0.4862880410011322,-0.43172464566980057,0.7199791961846848,-0.33601744349161167,-0.44047157951798976,1.0,0.0,0.0,1.0,FRA_10421,0
-0.44828881508637314,-0.4107347869154461,-0.36041438243157936,-0.1820352471977878,-0.43172464566980057,0.11927346097914482,-0.33601744349161167,-0.44047157951798976,0.0,1.0,0.0,1.0,FRA_10422,0
-0.11826023956266264,-0.12615445925283506,-0.2701141516010123,-0.13049242193176072,-0.43172464566980057,-0.08096178408936873,-0.33601744349161167,-0.44047157951798976,1.0,0.0,0.0,1.0,FRA_10423,0
0.7918185596087809,0.3647466059651688,-0.29258035691035245,-0.5818674548439592,-0.43172464566980057,0.7867242778741892,-0.33601744349161167,0.42150802814930916,0.0,1.0,0.0,1.0,FRA_10424,0
0.5617986433346798,0.3220595568157771,-0.35715583857330846,-0.541333776722132,-0.43172464566980057,0.18601854266864934,-0.33601744349161167,-0.44047157951798976,1.0,0.0,0.0,1.0,FRA_10425,0
0.7418142299839765,0.478578737030213,-0.3205006993939703,-0.3972140322889689,-0.43172464566980057,-0.08096178408936873,-0.33601744349161167,-0.44047157951798976,0.0,1.0,0.0,1.0,FRA_10426,0
-1.7083979216314493,-1.3285063436273665,-0.4101812340851674,-0.5313254611364957,-0.43172464566980057,0.7199791961846848,-0.33601744349161167,-0.44047157951798976,1.0,0.0,0.0,1.0,FRA_10427,0
-0.978334709109302,-1.3498498682020623,1.3808987920931695,3.6076134493034084,1.5486636372191929,-2.5505298066010336,2.650804276433825,2.145467243483907,0.0,1.0,1.0,0.0,FRA_10428,1
0.5818003751846016,0.3007160322410811,-0.4101812340851674,-0.29763129221188744,-0.43172464566980057,0.18601854266864934,-0.33601744349161167,-0.44047157951798976,0.0,1.0,0.0,1.0,FRA_10429,0
-0.048254178087936354,-0.16884150840222675,-0.3695042183500432,-0.5623512394519683,-0.43172464566980057,0.4529988694266667,-0.33601744349161167,0.42150802814930916,0.0,1.0,0.0,1.0,FRA_10430,0
-1.7183987875564102,-1.3285063436273665,-0.3530769619954734,-0.13049242193176072,0.5584694957746962,0.4529988694266667,-0.33601744349161167,-0.44047157951798976,0.0,1.0,0.0,1.0,FRA_10431,0
1.0818436714326476,0.6635559500109103,-0.4012371914687091,-0.10046747517485176,-0.43172464566980057,-0.014216702399864218,-0.33601744349161167,-0.44047157951798976,0.0,1.0,0.0,1.0,FRA_10432,0
0.961833280333117,0.49992226160490894,-0.3173867919394147,-0.3661882539734963,-0.43172464566980057,0.5197439511161712,-0.33601744349161167,0.42150802814930916,0.0,1.0,0.0,1.0,FRA_10433,0
0.18176573818616482,1.3963502937421335,1.9702646206290166,2.2319704720576947,1.5486636372191929,-2.016569153084998,1.1573934164711068,1.2834876358166079,0.0,1.0,1.0,0.0,FRA_10434,1
-1.5083806031322309,-1.186216179796061,-0.4101812340851674,-0.4517593522306869,-0.43172464566980057,-0.08096178408936873,-0.33601744349161167,-0.44047157951798976,0.0,1.0,0.0,1.0,FRA_10435,0
0.9418315484831951,0.49992226160490894,-0.3354787900936181,-0.34517079124366,-0.43172464566980057,0.5864890328056757,-0.33601744349161167,0.42150802814930916,1.0,0.0,0.0,1.0,FRA_10436,0
0.30177612928569597,0.1797693929844715,-0.2815842118989277,-0.2981317079911692,-0.43172464566980057,0.6532341144951802,-0.33601744349161167,-0.44047157951798976,0.0,1.0,0.0,1.0,FRA_10437,0
1.0018367440329607,0.5212657861796046,-0.30936751916138644,-0.17903275252209688,-0.43172464566980057,0.0525283792896403,-0.33601744349161167,-0.44047157951798976,1.0,0.0,0.0,1.0,FRA_10438,0
0.8918272188583902,-0.8162617538346667,1.373369449457478,2.720376272636748,2.5388577786636897,-3.2847257051855827,2.650804276433825,3.8694264588185048,0.0,1.0,0.0,1.0,FRA_10439,1
1.071842805507687,0.6208689008615186,-0.3742969785121875,-0.12799034303535162,-0.43172464566980057,0.11927346097914482,-0.33601744349161167,-0.44047157951798976,0.0,1.0,0.0,1.0,FRA_10440,0
0.07175621301159482,-0.03366585276248658,-0.3587626687403347,-0.09496290160275173,-0.43172464566980057,0.5197439511161712,-0.33601744349161167,-0.44047157951798976,1.0,0.0,0.0,1.0,FRA_10441,0
-1.2483580890832469,-1.029696999581625,-0.2902045816138912,-0.587872444195341,0.5584694957746962,0.6532341144951802,-0.33601744349161167,-0.44047157951798976,0.0,1.0,0.0,1.0,FRA_10442,0
0.6118029729594846,0.3220595568157771,-0.4101812340851674,-0.4397493735279233,-0.43172464566980057,0.11927346097914482,-0.33601744349161167,-0.44047157951798976,0.0,1.0,0.0,1.0,FRA_10443,0
0.43178738631018787,0.2437999667085592,-0.3323312152063334,-0.31964958650028735,-0.43172464566980057,-0.14770686577887324,-0.33601744349161167,-0.44047157951798976,0.0,1.0,0.0,1.0,FRA_10444,0
0.8618246210835077,0.478578737030213,-0.3814448907109986,-0.12298618524253346,-0.43172464566980057,0.6532341144951802,-0.33601744349161167,-0.44047157951798976,0.0,1.0,0.0,1.0,FRA_10445,0
-1.1483494298336376,-0.9372083930912763,-0.3829388290515519,-0.535829203150032,-0.43172464566980057,0.6532341144951802,-0.33601744349161167,-0.44047157951798976,0.0,1.0,0.0,1.0,FRA_10446,0
-1.0583416365089895,-0.8660633111756237,-0.4101812340851674,-0.34617162280222363,-0.43172464566980057,0.7867242778741892,-0.33601744349161167,-0.44047157951798976,1.0,0.0,0.0,1.0,FRA_10447,0
1.3818696491814757,0.8769911957578683,-0.4019784104700734,-0.5648533183483775,-0.43172464566980057,0.0525283792896403,-0.33601744349161167,-0.44047157951798976,1.0,0.0,0.0,1.0,FRA_10448,0
0.8818263529334295,0.5710673435205618,-0.33404220463224205,-0.2280734988917149,-0.43172464566980057,0.7199791961846848,-0.33601744349161167,-0.44047157951798976,0.0,1.0,0.0,1.0,FRA_10449,0
1.4418748447312413,0.8627621793747378,-0.35369766060514385,-0.4652705782712959,-0.43172464566980057,0.11927346097914482,-0.33601744349161167,-0.44047157951798976,0.0,1.0,0.0,1.0,FRA_10450,0
0.9218298166332732,0.5212657861796046,-0.3819905174839258,-0.09596373316131541,-0.43172464566980057,-0.014216702399864218,-0.33601744349161167,-0.44047157951798976,0.0,1.0,0.0,1.0,FRA_10451,0
0.3517804589105004,0.15842586840977582,-0.3757863829423399,-0.5623512394519683,-0.43172464566980057,0.3862537877371629,-0.33601744349161167,-0.44047157951798976,0.0,1.0,0.0,1.0,FRA_10452,0
0.551797777409719,0.293601524049516,-0.3888950538080055,-0.5043030090552777,-0.43172464566980057,0.18601854266864934,-0.33601744349161167,-0.44047157951798976,0.0,1.0,0.0,1.0,FRA_10453,0
1.3718687832565144,0.7916170974590849,-0.32792577290333674,-0.5318258769157775,0.5584694957746962,-0.14770686577887324,-0.33601744349161167,-0.44047157951798976,0.0,1.0,0.0,1.0,FRA_10454,0
0.29177526336073484,0.14419685202664526,-0.3280233090233149,-0.4412506208657687,-0.43172464566980057,-0.014216702399864218,-0.33601744349161167,-0.44047157951798976,0.0,1.0,0.0,1.0,FRA_10455,0
0.47179085001003157,0.2509144749001243,-0.3663521248797934,-0.19804855213480593,0.5584694957746962,0.5197439511161712,-0.33601744349161167,-0.44047157951798976,1.0,0.0,0.0,1.0,FRA_10456,0
-1.1883528935334813,-0.979895442240668,-0.32534060126619346,-0.16852402115717877,-0.43172464566980057,-0.08096178408936873,-0.33601744349161167,-0.44047157951798976,0.0,1.0,0.0,1.0,FRA_10457,0
-0.07825677586281891,2.1362591456649223,4.04395198891096,3.8458113602415533,3.529051920108186,-2.083314234774502,1.1573934164711068,2.145467243483907,0.0,1.0,1.0,0.0,FRA_10458,1
0.7718168277588591,0.37897562234829935,-0.33125971518379677,-0.42123398969449616,-0.43172464566980057,-0.08096178408936873,-0.33601744349161167,-0.44047157951798976,0.0,1.0,0.0,1.0,FRA_10459,0
-0.7883182565350445,-0.716658639152753,-0.28730859345079135,-0.38920737982045983,-0.43172464566980057,0.6532341144951802,-0.33601744349161167,-0.44047157951798976,0.0,1.0,0.0,1.0,FRA_10460,0
-1.0283390387341067,-0.873177819367189,-0.31201851842685047,-0.4062215163160416,-0.43172464566980057,-0.014216702399864218,-0.33601744349161167,-0.44047157951798976,0.0,1.0,0.0,1.0,FRA_10461,0
-0.6383052676606306,-0.5459104425551864,-0.3545045687977162,-0.4947951092489231,-0.43172464566980057,-0.014216702399864218,-0.33601744349161167,-0.44047157951798976,1.0,0.0,0.0,1.0,FRA_10462,0
-0.8883269157846536,-0.7878037210684057,-0.27820691636676353,-0.09646414894059722,-0.43172464566980057,0.25276362435815386,-0.33601744349161167,-0.44047157951798976,0.0,1.0,0.0,1.0,FRA_10463,0
-0.988335575034263,-0.7806892128768403,-0.2914043481386039,-0.3126437655903419,-0.43172464566980057,0.25276362435815386,-0.33601744349161167,-0.44047157951798976,1.0,0.0,0.0,1.0,FRA_10464,0
-0.24827149658715475,1.830335293427615,4.036491129240949,2.4211276366262218,3.529051920108186,-1.4158634178794576,2.650804276433825,2.145467243483907,0.0,1.0,0.0,1.0,FRA_10465,1
1.4418748447312413,0.91967824490726,-0.40211215215944995,-0.21906601486464222,-0.43172464566980057,0.4529988694266667,-0.33601744349161167,-0.44047157951798976,0.0,1.0,0.0,1.0,FRA_10466,0
0.031752749311751094,-0.04078036095405202,-0.3186131502056584,-0.22957474622956037,-0.43172464566980057,0.31950870604765835,-0.33601744349161167,-0.44047157951798976,0.0,1.0,0.0,1.0,FRA_10467,0
-1.0783433683589112,-0.8945213439418849,-0.35898430048751073,-0.5808666232853956,-0.43172464566980057,0.3862537877371629,-0.33601744349161167,-0.44047157951798976,0.0,1.0,0.0,1.0,FRA_10468,0
-1.4683771394323872,-1.1506436388382346,-0.3716173100765429,-0.1715265158328697,-0.43172464566980057,-0.014216702399864218,-0.33601744349161167,0.42150802814930916,1.0,0.0,0.0,1.0,FRA_10469,0
0.7018107662841327,3.5164737348285846,4.0338519135753685,1.7335563558930056,2.5388577786636897,-1.5493535812584667,2.650804276433825,2.145467243483907,1.0,0.0,1.0,0.0,FRA_10470,1
-0.39828448546156847,-0.4463073278732725,-0.29721408712512065,-0.4382481261900779,-0.43172464566980057,0.18601854266864934,-0.33601744349161167,0.42150802814930916,0.0,1.0,0.0,1.0,FRA_10471,0
1.1418488669824132,0.5924108680952574,-0.27840214464741225,-0.315145844486751,-0.43172464566980057,0.5197439511161712,-0.33601744349161167,-0.44047157951798976,0.0,1.0,0.0,1.0,FRA_10472,0
0.5717995092596408,0.2651434912832549,-0.36791187965578537,-0.16752318959861517,-0.43172464566980057,0.6532341144951802,-0.33601744349161167,-0.44047157951798976,0.0,1.0,0.0,1.0,FRA_10473,0
1.051841073657765,0.6920139827771713,-0.337976440196679,-0.2325772409052513,-0.43172464566980057,0.4529988694266667,-0.33601744349161167,0.42150802814930916,1.0,0.0,0.0,1.0,FRA_10474,0
-0.7883182565350445,-0.6810860981949266,-0.38970246064610475,-0.10597204874695171,-0.43172464566980057,-0.014216702399864218,-0.33601744349161167,-0.44047157951798976,0.0,1.0,0.0,1.0,FRA_10475,0
0.6818090344342109,0.4714642288386478,-0.2678116790122317,-0.42974105794228695,-0.43172464566980057,0.7199791961846848,-0.33601744349161167,-0.44047157951798976,0.0,1.0,0.0,1.0,FRA_10476,0
-0.8183208543099273,-0.7380021637274486,-0.2847126925923191,-0.2270726673331513,-0.43172464566980057,0.6532341144951802,-0.33601744349161167,-0.44047157951798976,0.0,1.0,0.0,1.0,FRA_10477,0
1.5518843699058111,0.9837088186313474,-0.40234634714937806,-0.200550631031215,-0.43172464566980057,0.31950870604765835,-0.33601744349161167,-0.44047157951798976,0.0,1.0,0.0,1.0,FRA_10478,0
0.49179258185995345,0.20822742575073264,-0.36667321725492436,-0.3266554074102328,-0.43172464566980057,0.18601854266864934,-0.33601744349161167,-0.44047157951798976,0.0,1.0,0.0,1.0,FRA_10479,0
-0.5983018039607871,-0.5245669179804906,-0.3739687688575566,-0.45526226268565967,-0.43172464566980057,0.7867242778741892,-0.33601744349161167,-0.44047157951798976,0.0,1.0,0.0,1.0,FRA_10480,0
-0.7983191224600055,-0.6739715900033613,-0.3895602469416668,-0.2656046823378512,-0.43172464566980057,0.4529988694266667,-0.33601744349161167,-0.44047157951798976,1.0,0.0,0.0,1.0,FRA_10481,0
-1.0683425024339503,-0.873177819367189,-0.4101812340851674,-0.4102248425502961,-0.43172464566980057,0.0525283792896403,-0.33601744349161167,0.42150802814930916,0.0,1.0,0.0,1.0,FRA_10482,0
0.6918099003591721,0.35763209777360333,-0.37977759433775327,-0.35617993838785994,-0.43172464566980057,-0.08096178408936873,-0.33601744349161167,-0.44047157951798976,0.0,1.0,0.0,1.0,FRA_10483,0
-0.9683338431843411,-0.8020327374515361,-0.4101812340851674,-0.33516247565802365,-0.43172464566980057,0.5864890328056757,-0.33601744349161167,-0.44047157951798976,1.0,0.0,0.0,1.0,FRA_10484,0
0.3417795929855397,0.07305177011099247,-0.3181061287002344,-0.35918243306355085,-0.43172464566980057,0.11927346097914482,-0.33601744349161167,-0.44047157951798976,0.0,1.0,0.0,1.0,FRA_10485,0
-0.8083199883849664,-0.6739715900033613,-0.36865085438357176,-0.17703108940496964,-0.43172464566980057,-0.08096178408936873,-0.33601744349161167,-0.44047157951798976,1.0,0.0,0.0,1.0,FRA_10486,0
0.5818003751846016,0.3932046387314299,-0.2732929790049078,-0.2916263028605056,-0.43172464566980057,-0.14770686577887324,-0.33601744349161167,-0.44047157951798976,0.0,1.0,0.0,1.0,FRA_10487,0
1.1118462692075306,0.5710673435205618,-0.27722203339871593,-0.3051375289011147,0.5584694957746962,0.8534693595636937,-0.33601744349161167,-0.44047157951798976,0.0,1.0,0.0,1.0,FRA_10488,0
0.9818350121830388,0.5781818517121269,-0.4009594261700613,-0.1169811958911517,-0.43172464566980057,-0.08096178408936873,-0.33601744349161167,-0.44047157951798976,1.0,0.0,0.0,1.0,FRA_10489,0
0.9218298166332732,0.48569324522177837,-0.33500598981519053,-0.3546786910500145,-0.43172464566980057,0.4529988694266667,-0.33601744349161167,-0.44047157951798976,0.0,1.0,0.0,1.0,FRA_10490,0
-1.0783433683589112,-0.9087503603250152,-0.30778736688985464,-0.3376645545544327,-0.43172464566980057,0.5197439511161712,-0.33601744349161167,-0.44047157951798976,0.0,1.0,0.0,1.0,FRA_10491,0
-1.4283736757325434,-1.107956589688843,-0.3002026359864979,-0.13349491660745166,-0.43172464566980057,-0.08096178408936873,-0.33601744349161167,-0.44047157951798976,0.0,1.0,0.0,1.0,FRA_10492,0
0.7118116322090939,0.4572352124555173,-0.31958869395643275,-0.10547163296766991,-0.43172464566980057,0.4529988694266667,-0.33601744349161167,-0.44047157951798976,0.0,1.0,0.0,1.0,FRA_10493,0
-0.44828881508637314,-0.49610888521422947,-0.2608806791244032,-0.46627140982985954,-0.43172464566980057,0.4529988694266667,-0.33601744349161167,-0.44047157951798976,0.0,1.0,0.0,1.0,FRA_10494,0
-0.2282697647372331,-0.23998659031787953,-0.33631501148158277,-0.4497576891135597,-0.43172464566980057,-0.08096178408936873,-0.33601744349161167,-0.44047157951798976,0.0,1.0,0.0,1.0,FRA_10495,0
-1.628390994231762,-0.6241700326624043,4.019612463102238,3.0646623287826373,1.5486636372191929,-1.1488830911214403,2.650804276433825,3.8694264588185048,1.0,0.0,1.0,0.0,FRA_10496,1
-0.8283217202348883,-0.7237731473443183,-0.34700203943274,-0.36919074864918716,-0.43172464566980057,0.5197439511161712,-0.33601744349161167,0.42150802814930916,0.0,1.0,0.0,1.0,FRA_10497,0
-1.618390128306801,-1.2787047862864094,-0.3143934228379388,-0.15301113199944244,-0.43172464566980057,0.7199791961846848,-0.33601744349161167,-0.44047157951798976,0.0,1.0,0.0,1.0,FRA_10498,0
1.3418661854816318,0.7916170974590849,-0.3521199071559811,-0.3336612283201782,0.5584694957746962,-0.08096178408936873,-0.33601744349161167,-0.44047157951798976,0.0,1.0,0.0,1.0,FRA_10499,0
-0.8883269157846536,-0.7095441309611877,-0.300202635986498,-0.3917094587168689,-0.43172464566980057,0.25276362435815386,-0.33601744349161167,-0.44047157951798976,1.0,0.0,0.0,1.0,FRA_10500,0
0.21176833596104785,0.1086243110688187,-0.28898033005806234,-0.20855728349972408,-0.43172464566980057,0.8534693595636937,-0.33601744349161167,-0.44047157951798976,0.0,1.0,0.0,1.0,FRA_10501,0
-1.598388396456879,-1.2715902780948443,-0.27098957086653824,-0.45876517314063237,-0.43172464566980057,-0.014216702399864218,-0.33601744349161167,0.42150802814930916,1.0,0.0,0.0,1.0,FRA_10502,0
0.5918012411095628,0.3647466059651688,-0.326239971932119,-0.45576267846494145,-0.43172464566980057,0.5864890328056757,-0.33601744349161167,0.42150802814930916,0.0,1.0,0.0,1.0,FRA_10503,0
-0.608302669885748,-0.5032233934057947,-0.3008773513122562,-0.33215998098233274,-0.43172464566980057,0.3862537877371629,-0.33601744349161167,-0.44047157951798976,0.0,1.0,0.0,1.0,FRA_10504,0
1.4018713810313974,0.7845025892675198,-0.29597268990577946,-0.5268217191229594,-0.43172464566980057,0.11927346097914482,-0.33601744349161167,-0.44047157951798976,0.0,1.0,0.0,1.0,FRA_10505,0
1.3718687832565144,0.91967824490726,-0.34437686513970284,-0.5738608023754501,-0.43172464566980057,0.3862537877371629,-0.33601744349161167,0.42150802814930916,0.0,1.0,0.0,1.0,FRA_10506,0
-0.5983018039607871,-0.5387959343636212,-0.4101812340851674,-0.557847497438432,-0.43172464566980057,0.7199791961846848,-0.33601744349161167,0.42150802814930916,0.0,1.0,0.0,1.0,FRA_10507,0
1.4118722469563583,-0.666857081811796,1.3714720551132835,1.2601630286924073,3.529051920108186,-1.4158634178794576,1.1573934164711068,1.2834876358166079,0.0,1.0,1.0,0.0,FRA_10508,1
1.7519016884050298,1.1046554578879573,-0.3804125909907906,-0.5693570603619138,-0.43172464566980057,0.11927346097914482,-0.33601744349161167,-0.44047157951798976,1.0,0.0,0.0,1.0,FRA_10509,0
1.1518497329073745,0.8129606220337809,-0.27879087352480975,-0.45576267846494145,-0.43172464566980057,-0.08096178408936873,-0.33601744349161167,-0.44047157951798976,0.0,1.0,0.0,1.0,FRA_10510,0
1.2218557943821007,0.6493269336277797,-0.2814490600101349,-0.12248576946325167,-0.43172464566980057,0.5197439511161712,-0.33601744349161167,-0.44047157951798976,0.0,1.0,0.0,1.0,FRA_10511,0
-0.8683251839347318,-0.716658639152753,-0.366832005637517,-0.1049712171883881,-0.43172464566980057,0.7867242778741892,-0.33601744349161167,-0.44047157951798976,0.0,1.0,0.0,1.0,FRA_10512,0
0.28177439743577415,0.016135704578470224,-0.2923470218365925,-0.3256545758516691,-0.43172464566980057,0.4529988694266667,-0.33601744349161167,-0.44047157951798976,0.0,1.0,0.0,1.0,FRA_10513,0
-1.49837973720727,-1.1791016716044957,-0.4101812340851674,-0.5848699495196501,-0.43172464566980057,0.31950870604765835,-0.33601744349161167,0.42150802814930916,0.0,1.0,0.0,1.0,FRA_10514,0
-1.4083719438826217,-1.1221856060719737,-0.374405063619335,-0.37769781689697807,-0.43172464566980057,0.4529988694266667,-0.33601744349161167,-0.44047157951798976,0.0,1.0,0.0,1.0,FRA_10515,0
1.7619025543299904,1.1117699660795224,-0.3804870125985265,-0.4807834674290323,0.5584694957746962,-0.014216702399864218,-0.33601744349161167,-0.44047157951798976,0.0,1.0,0.0,1.0,FRA_10516,0
-0.5983018039607871,-0.588597491704578,-0.2834376057885299,-0.478781804311905,-0.43172464566980057,0.0525283792896403,-0.33601744349161167,-0.44047157951798976,0.0,1.0,0.0,1.0,FRA_10517,0
0.8818263529334295,0.507036769796474,-0.40066385540355154,-0.5848699495196501,-0.43172464566980057,0.6532341144951802,-0.33601744349161167,-0.44047157951798976,0.0,1.0,0.0,1.0,FRA_10518,0
1.0818436714326476,0.7560445565012587,-0.28496463745475403,-0.16201861602651513,-0.43172464566980057,-0.08096178408936873,-0.33601744349161167,-0.44047157951798976,0.0,1.0,0.0,1.0,FRA_10519,0
1.2618592580819445,0.8698766875663032,-0.30837247470239865,-0.19004189966629687,-0.43172464566980057,0.0525283792896403,-0.33601744349161167,-0.44047157951798976,1.0,0.0,0.0,1.0,FRA_10520,0
1.7519016884050298,1.1971440643783058,-0.34320178712281973,-0.09896622783700626,-0.43172464566980057,0.0525283792896403,-0.33601744349161167,-0.44047157951798976,1.0,0.0,0.0,1.0,FRA_10521,0
-0.8883269157846536,0.016135704578470224,1.9433607652263658,4.043475593057871,3.529051920108186,-3.618451113633105,4.144215136396544,3.8694264588185048,0.0,1.0,0.0,1.0,FRA_10522,1
-1.598388396456879,-1.2573612617117138,-0.363784013012291,-0.16852402115717877,-0.43172464566980057,0.7867242778741892,-0.33601744349161167,0.42150802814930916,1.0,0.0,0.0,1.0,FRA_10523,0
-0.2982758262119594,-0.39650577053231556,-0.25711823673134876,-0.552342923866332,-0.43172464566980057,0.5197439511161712,-0.33601744349161167,0.42150802814930916,0.0,1.0,0.0,1.0,FRA_10524,0
-1.2783606868581296,-1.029696999581625,-0.37924975336991645,-0.2861217292884056,-0.43172464566980057,0.6532341144951802,-0.33601744349161167,0.42150802814930916,0.0,1.0,0.0,1.0,FRA_10525,0
-1.6583935920066446,-1.3000483108611054,-0.35898430048751073,-0.3421682965679691,-0.43172464566980057,0.3862537877371629,-0.33601744349161167,-0.44047157951798976,0.0,1.0,0.0,1.0,FRA_10526,0
-0.4782914128612559,-0.49610888521422947,-0.30895093356252806,-0.3686903328699054,-0.43172464566980057,0.3862537877371629,-0.33601744349161167,-0.44047157951798976,0.0,1.0,0.0,1.0,FRA_10527,0
1.0018367440329607,0.48569324522177837,-0.26354310328694086,-0.2090576992790059,-0.43172464566980057,0.18601854266864934,-0.33601744349161167,-0.44047157951798976,0.0,1.0,0.0,1.0,FRA_10528,0
0.24177093373593042,-1.0012389668153638,1.3738667503944644,2.0117875291736955,2.5388577786636897,-3.1512355418065736,1.1573934164711068,2.145467243483907,1.0,0.0,1.0,0.0,FRA_10529,1
-0.6483061335855915,-0.5601394589383168,-0.3728300120893927,-0.5123096615237867,-0.43172464566980057,0.5197439511161712,-0.33601744349161167,-0.44047157951798976,0.0,1.0,0.0,1.0,FRA_10530,0
0.551797777409719,0.2580289830916894,-0.37825196366942426,-0.3796994800141053,-0.43172464566980057,-0.14770686577887324,-0.33601744349161167,-0.44047157951798976,0.0,1.0,0.0,1.0,FRA_10531,0
-0.9283303794844974,-0.7380021637274486,-0.29684451085371366,-0.5508416765284866,-0.43172464566980057,0.7867242778741892,-0.33601744349161167,-0.44047157951798976,0.0,1.0,0.0,1.0,FRA_10532,0
-1.6883961897815274,-1.3213918354358012,-0.35619174047309304,-0.3051375289011147,-0.43172464566980057,0.7867242778741892,-0.33601744349161167,-0.44047157951798976,1.0,0.0,0.0,1.0,FRA_10533,0
0.9418315484831951,0.4572352124555173,-0.279451957099956,-0.255095950972933,-0.43172464566980057,0.31950870604765835,-0.33601744349161167,-0.44047157951798976,0.0,1.0,0.0,1.0,FRA_10534,0
0.441788252235149,0.14419685202664526,-0.32154176696086634,-0.1940452259005514,-0.43172464566980057,0.18601854266864934,-0.33601744349161167,-0.44047157951798976,0.0,1.0,0.0,1.0,FRA_10535,0
0.931830682558234,0.6279834090530837,-0.3071413488002939,-0.2150626886303877,-0.43172464566980057,-0.014216702399864218,-0.33601744349161167,-0.44047157951798976,0.0,1.0,0.0,1.0,FRA_10536,0
-1.598388396456879,-1.2360177371370178,-0.3173867919394147,-0.29863212377045106,-0.43172464566980057,0.4529988694266667,-0.33601744349161167,-0.44047157951798976,0.0,1.0,0.0,1.0,FRA_10537,0
1.1918531966072181,0.8129606220337809,-0.3149519523495846,-0.3281566547480782,-0.43172464566980057,-0.014216702399864218,-0.33601744349161167,-0.44047157951798976,1.0,0.0,0.0,1.0,FRA_10538,0
0.43178738631018787,3.0398016859937114,4.038391273276758,1.7480684134921782,3.529051920108186,-1.74958882632698,2.650804276433825,1.2834876358166079,1.0,0.0,1.0,0.0,FRA_10539,1
0.2317700678109697,-0.019436836379356018,-0.28996171389633796,-0.22557141999530583,-0.43172464566980057,0.25276362435815386,-0.33601744349161167,-0.44047157951798976,0.0,1.0,0.0,1.0,FRA_10540,0
0.45178911816010975,3.0753742269515376,4.0384326168874205,2.079343659376741,2.5388577786636897,-2.7507650516695468,2.650804276433825,1.2834876358166079,1.0,0.0,1.0,0.0,FRA_10541,1
1.2918618558568271,0.8841057039494338,-0.3176496657131985,-0.5038025932759957,-0.43172464566980057,0.5197439511161712,-0.33601744349161167,-0.44047157951798976,0.0,1.0,0.0,1.0,FRA_10542,0
0.3117769952106567,2.8405954566298837,4.061419178020749,2.477174203905785,3.529051920108186,-2.016569153084998,2.650804276433825,1.2834876358166079,1.0,0.0,1.0,0.0,FRA_10543,1
0.29177526336073484,0.1726548847929064,-0.281075923273685,-0.296130044874042,-0.43172464566980057,0.31950870604765835,-0.33601744349161167,-0.44047157951798976,0.0,1.0,0.0,1.0,FRA_10544,0
1.7318999565551079,1.1971440643783058,-0.32790505364359335,-0.3421682965679691,-0.43172464566980057,0.11927346097914482,-0.33601744349161167,-0.44047157951798976,0.0,1.0,0.0,1.0,FRA_10545,0
0.911828950708312,2.328350866837184,1.9653564848461003,1.7305538612173146,1.5486636372191929,-1.5493535812584667,2.650804276433825,2.145467243483907,0.0,1.0,1.0,0.0,FRA_10546,1
-0.18826630103738937,-0.2755591312757061,-0.35224128972099006,-0.5008000986003049,-0.43172464566980057,0.25276362435815386,-0.33601744349161167,-0.44047157951798976,0.0,1.0,0.0,1.0,FRA_10547,0
0.7418142299839765,2.107801112898661,1.9613706833042694,1.3582445214316432,1.5486636372191929,-3.017745378427565,1.1573934164711068,3.8694264588185048,0.0,1.0,1.0,0.0,FRA_10548,1
-0.3782827536116466,-0.40362027872388084,-0.36228732846155304,-0.21656393596823315,-0.43172464566980057,0.5864890328056757,-0.33601744349161167,-0.44047157951798976,0.0,1.0,0.0,1.0,FRA_10549,0
-0.9383312454094582,-0.7593456883021446,-0.3416561075775346,-0.5138109088616322,-0.43172464566980057,0.18601854266864934,-0.33601744349161167,-0.44047157951798976,0.0,1.0,0.0,1.0,FRA_10550,0
0.3517804589105004,0.08728078649412302,-0.3299265814185707,-0.5583479132177138,-0.43172464566980057,0.7199791961846848,-0.33601744349161167,-0.44047157951798976,0.0,1.0,0.0,1.0,FRA_10551,0
1.5118809062059675,0.8983347203325643,-0.33891510251722945,-0.3121433498110601,-0.43172464566980057,0.5197439511161712,-0.33601744349161167,-0.44047157951798976,0.0,1.0,0.0,1.0,FRA_10552,0
1.5118809062059675,1.0619684087385657,-0.2993228072017082,-0.43524563151438694,-0.43172464566980057,-0.14770686577887324,-0.33601744349161167,-0.44047157951798976,0.0,1.0,0.0,1.0,FRA_10553,0
-0.5382966084110214,-0.5174524097889253,-0.35777966675580114,-0.3181483391624419,-0.43172464566980057,0.6532341144951802,-0.33601744349161167,-0.44047157951798976,1.0,0.0,0.0,1.0,FRA_10554,0
0.11175967671143854,-0.00520781999622546,-0.3596378783632255,-0.18804023654916965,-0.43172464566980057,0.5864890328056757,-0.33601744349161167,-0.44047157951798976,0.0,1.0,0.0,1.0,FRA_10555,0
-0.9983364409592239,-0.8376052784093626,-0.36228732846155304,-0.1850377418734787,-0.43172464566980057,0.4529988694266667,-0.33601744349161167,-0.44047157951798976,0.0,1.0,0.0,1.0,FRA_10556,0
1.7419008224800687,1.097540949696392,-0.3803377954051263,-0.4382481261900779,-0.43172464566980057,0.6532341144951802,-0.33601744349161167,0.42150802814930916,0.0,1.0,0.0,1.0,FRA_10557,0
1.6918964928552642,1.1046554578879573,-0.39506967098764023,-0.25909927720718756,0.5584694957746962,-0.08096178408936873,-0.33601744349161167,-0.44047157951798976,1.0,0.0,0.0,1.0,FRA_10558,0
0.5317960455597972,0.30783054043264657,-0.3458616207567034,-0.17753150518425145,-0.43172464566980057,0.25276362435815386,-0.33601744349161167,-0.44047157951798976,0.0,1.0,0.0,1.0,FRA_10559,0
1.0818436714326476,0.6350979172446491,-0.3833491062357933,-0.4742780622983686,-0.43172464566980057,0.6532341144951802,-0.33601744349161167,-0.44047157951798976,0.0,1.0,0.0,1.0,FRA_10560,0
0.7618159618338983,0.49992226160490894,-0.3112004957963645,-0.37569615377985077,-0.43172464566980057,-0.08096178408936873,-0.33601744349161167,-0.44047157951798976,1.0,0.0,0.0,1.0,FRA_10561,0
0.3417795929855397,0.05170824553629678,-0.2835779641808849,-0.10847412764336083,-0.43172464566980057,0.31950870604765835,-0.33601744349161167,-0.44047157951798976,1.0,0.0,0.0,1.0,FRA_10562,0
-1.5483840668320745,-1.1933306879876262,-0.28107592327368536,-0.4172306634602415,-0.43172464566980057,0.3862537877371629,-0.33601744349161167,0.42150802814930916,0.0,1.0,0.0,1.0,FRA_10563,0
-0.14826283733754567,-0.2897881476588365,-0.2681036193165511,-0.4707751518433959,0.5584694957746962,0.0525283792896403,-0.33601744349161167,-0.44047157951798976,0.0,1.0,0.0,1.0,FRA_10564,0
0.6218038388844453,3.381298079188845,4.043951988910962,3.7492311148401627,1.5486636372191929,-1.8830789897059892,1.1573934164711068,3.8694264588185048,0.0,1.0,0.0,1.0,FRA_10565,1
0.6318047048094064,0.4358916878808213,-0.2653313731747246,-0.38570446936548713,-0.43172464566980057,0.3862537877371629,-0.33601744349161167,-0.44047157951798976,1.0,0.0,0.0,1.0,FRA_10566,0
-0.42828708323645126,-0.4747653606395336,-0.27893605624366075,-0.5893736915331864,-0.43172464566980057,0.7199791961846848,-0.33601744349161167,-0.44047157951798976,0.0,1.0,0.0,1.0,FRA_10567,0
1.561885235830772,1.1331134906542184,-0.26171012665196286,-0.446254778658587,-0.43172464566980057,-0.014216702399864218,-0.33601744349161167,-0.44047157951798976,0.0,1.0,0.0,1.0,FRA_10568,0
-1.1483494298336376,-0.9514374094744069,-0.328454018984321,-0.1930443943419878,0.5584694957746962,0.8534693595636937,-0.33601744349161167,-0.44047157951798976,1.0,0.0,0.0,1.0,FRA_10569,0
0.011751017461829232,-0.04078036095405202,-0.29140434813860416,-0.4257377317080325,-0.43172464566980057,0.7199791961846848,-0.33601744349161167,-0.44047157951798976,0.0,1.0,0.0,1.0,FRA_10570,0
0.6818090344342109,0.3007160322410811,-0.30848869474735613,-0.37469532222128715,-0.43172464566980057,0.5864890328056757,-0.33601744349161167,-0.44047157951798976,0.0,1.0,0.0,1.0,FRA_10571,0
0.7018107662841327,0.48569324522177837,-0.26878017938687754,-0.5623512394519683,-0.43172464566980057,0.31950870604765835,-0.33601744349161167,-0.44047157951798976,0.0,1.0,0.0,1.0,FRA_10572,0
0.5317960455597972,0.22957095032542862,-0.35658155631144767,-0.22507100421602402,-0.43172464566980057,0.7867242778741892,-0.33601744349161167,-0.44047157951798976,0.0,1.0,0.0,1.0,FRA_10573,0
-0.7783173906100836,-1.285819294477975,1.3592689503927464,2.814454439141729,1.5486636372191929,-2.9510002967380604,1.1573934164711068,1.2834876358166079,0.0,1.0,1.0,0.0,FRA_10574,1
-1.1883528935334813,-1.4067659337345846,1.3714720551132837,2.564746965280103,1.5486636372191929,-3.1512355418065736,1.1573934164711068,3.8694264588185048,0.0,1.0,0.0,1.0,FRA_10575,1
0.49179258185995345,0.16554037660134094,-0.3014111920095598,-0.5403329451635684,-0.43172464566980057,0.4529988694266667,-0.33601744349161167,-0.44047157951798976,0.0,1.0,0.0,1.0,FRA_10576,0
0.3617813248354616,0.15131136021821037,-0.3987603796672289,-0.19554647323839686,-0.43172464566980057,0.7867242778741892,-0.33601744349161167,-0.44047157951798976,0.0,1.0,0.0,1.0,FRA_10577,0
-1.108345966133794,-0.8945213439418849,-0.3839031619730958,-0.49979926704174127,-0.43172464566980057,-0.08096178408936873,-0.33601744349161167,-0.44047157951798976,1.0,0.0,0.0,1.0,FRA_10578,0
0.7318133640590158,0.4714642288386478,-0.3201987447317104,-0.33516247565802365,-0.43172464566980057,0.3862537877371629,-0.33601744349161167,0.42150802814930916,0.0,1.0,0.0,1.0,FRA_10579,0
-0.14826283733754567,-0.2044140493600533,-0.3817657111314441,-0.1850377418734787,-0.43172464566980057,0.7867242778741892,-0.33601744349161167,-0.44047157951798976,1.0,0.0,0.0,1.0,FRA_10580,0
0.6018021070345234,0.3647466059651688,-0.336991251547672,-0.4727768149605232,-0.43172464566980057,0.3862537877371629,-0.33601744349161167,-0.44047157951798976,0.0,1.0,0.0,1.0,FRA_10581,0
1.1918531966072181,0.8485331629916072,-0.2716659151970471,-0.44475353132074147,-0.43172464566980057,0.25276362435815386,-0.33601744349161167,-0.44047157951798976,1.0,0.0,0.0,1.0,FRA_10582,0
-1.1483494298336376,-0.8945213439418849,-0.2739692089170906,-0.4082231794331688,-0.43172464566980057,-0.014216702399864218,-0.33601744349161167,-0.44047157951798976,1.0,0.0,0.0,1.0,FRA_10583,0
-1.6683944579316057,-1.3071628190526705,-0.35808610867000856,-0.29663046065332377,-0.43172464566980057,0.5864890328056757,-0.33601744349161167,-0.44047157951798976,0.0,1.0,0.0,1.0,FRA_10584,0
0.9918358781079996,2.4279539815190976,1.9616791818756183,3.892350027714762,3.529051920108186,-1.6160986629479712,1.1573934164711068,1.2834876358166079,0.0,1.0,1.0,0.0,FRA_10585,1
0.39178392261034417,1.666701605021614,1.9721308319533193,1.3767599052650703,2.5388577786636897,-2.6840199699800427,4.144215136396544,1.2834876358166079,1.0,0.0,1.0,0.0,FRA_10586,1
0.7118116322090939,0.4145481633061256,-0.37998372070892267,-0.5363296189293139,-0.43172464566980057,0.5864890328056757,-0.33601744349161167,0.42150802814930916,0.0,1.0,0.0,1.0,FRA_10587,0
1.1918531966072181,0.7702735728843892,-0.3668951969326299,-0.40472026897819613,-0.43172464566980057,0.7199791961846848,-0.33601744349161167,-0.44047157951798976,0.0,1.0,0.0,1.0,FRA_10588,0
1.071842805507687,0.5852963599036923,-0.3294416590459628,-0.4892905356768232,-0.43172464566980057,0.18601854266864934,-0.33601744349161167,-0.44047157951798976,0.0,1.0,0.0,1.0,FRA_10589,0
1.6218904313805376,0.9481362776735212,-0.3101747886638382,-0.4577643415820687,-0.43172464566980057,0.5864890328056757,-0.33601744349161167,-0.44047157951798976,1.0,0.0,0.0,1.0,FRA_10590,0
0.14176227448632112,-0.04078036095405202,-0.360274979485771,-0.4472556102171506,-0.43172464566980057,0.0525283792896403,-0.33601744349161167,-0.44047157951798976,1.0,0.0,0.0,1.0,FRA_10591,0
-0.02825244623801449,-0.10481093467813939,-0.35643603682427893,-0.5748616339340137,-0.43172464566980057,-0.08096178408936873,-0.33601744349161167,-0.44047157951798976,1.0,0.0,0.0,1.0,FRA_10592,0
-0.3282784239868422,-0.30401716404196705,-0.31690095716378247,-0.5873720284160592,0.5584694957746962,-0.014216702399864218,-0.33601744349161167,-0.44047157951798976,0.0,1.0,0.0,1.0,FRA_10593,0
-1.1983537594584424,-0.9656664258575375,-0.4101812340851674,-0.2601001087657512,-0.43172464566980057,0.31950870604765835,-0.33601744349161167,-0.44047157951798976,1.0,0.0,0.0,1.0,FRA_10594,0
0.26177266558585227,0.12285332745194927,-0.32703741392257324,-0.34817328591935087,-0.43172464566980057,-0.014216702399864218,-0.33601744349161167,-0.44047157951798976,0.0,1.0,0.0,1.0,FRA_10595,0
-0.7683165246851227,0.1797693929844715,1.973436545114574,2.428133457536167,3.529051920108186,-2.016569153084998,4.144215136396544,3.8694264588185048,0.0,1.0,0.0,1.0,FRA_10596,1
1.481878308431085,0.8841057039494338,-0.34632269325368165,-0.5638524867898138,-0.43172464566980057,0.6532341144951802,-0.33601744349161167,0.42150802814930916,0.0,1.0,0.0,1.0,FRA_10597,0
0.30177612928569597,0.10150980287725359,-0.4101812340851674,-0.3817011431312326,0.5584694957746962,0.0525283792896403,-0.33601744349161167,-0.44047157951798976,0.0,1.0,0.0,1.0,FRA_10598,0
0.33177872706057854,2.8761679975877104,4.061283246587989,2.3015282653778675,3.529051920108186,-2.4170396432220245,2.650804276433825,3.8694264588185048,0.0,1.0,1.0,0.0,FRA_10599,1
-0.4982931447111778,-0.5032233934057947,-0.32485301142240625,-0.30663877623896013,-0.43172464566980057,-0.08096178408936873,-0.33601744349161167,-0.44047157951798976,0.0,1.0,0.0,1.0,FRA_10600,0
-1.5583849327570354,-1.2146742125623222,-0.36651326131069606,-0.24058389337376032,-0.43172464566980057,0.18601854266864934,-0.33601744349161167,-0.44047157951798976,0.0,1.0,0.0,1.0,FRA_10601,0
-1.628390994231762,-1.2715902780948443,-0.4101812340851674,-0.5253204717851139,0.5584694957746962,0.31950870604765835,-0.33601744349161167,-0.44047157951798976,0.0,1.0,0.0,1.0,FRA_10602,0
-0.25827236251211566,-0.2613301148925755,-0.33519582629062006,-0.34066704923012364,-0.43172464566980057,0.6532341144951802,-0.33601744349161167,0.42150802814930916,0.0,1.0,0.0,1.0,FRA_10603,0
-1.4383745416575044,-1.1293001142635388,-0.3730634572268663,-0.5663545656862229,-0.43172464566980057,0.5864890328056757,-0.33601744349161167,-0.44047157951798976,0.0,1.0,0.0,1.0,FRA_10604,0
0.3817830566853834,0.1086243110688187,-0.3308455278231495,-0.1485073899859061,-0.43172464566980057,0.5864890328056757,-0.33601744349161167,-0.44047157951798976,0.0,1.0,0.0,1.0,FRA_10605,0
1.3418661854816318,0.8271896384169115,-0.3935922835339714,-0.5863711968574955,-0.43172464566980057,0.18601854266864934,-0.33601744349161167,-0.44047157951798976,0.0,1.0,0.0,1.0,FRA_10606,0
1.3518670514065927,0.8912202121409989,-0.36055300875930524,-0.23808181447735124,0.5584694957746962,0.3862537877371629,-0.33601744349161167,-0.44047157951798976,0.0,1.0,0.0,1.0,FRA_10607,0
0.5717995092596408,0.37897562234829935,-0.2833731707970213,-0.2686071770135421,-0.43172464566980057,-0.014216702399864218,-0.33601744349161167,-0.44047157951798976,0.0,1.0,0.0,1.0,FRA_10608,0
-0.9983364409592239,-0.8376052784093626,-0.36228732846155304,-0.2595996929864694,-0.43172464566980057,0.0525283792896403,-0.33601744349161167,-0.44047157951798976,0.0,1.0,0.0,1.0,FRA_10609,0
1.2818609899318663,0.6920139827771713,-0.2836433584318684,-0.38320239046907806,-0.43172464566980057,0.31950870604765835,-0.33601744349161167,-0.44047157951798976,0.0,1.0,0.0,1.0,FRA_10610,0
1.3618679173315538,0.941021769481956,-0.3112004957963645,-0.20405354148618773,-0.43172464566980057,0.0525283792896403,-0.33601744349161167,-0.44047157951798976,0.0,1.0,0.0,1.0,FRA_10611,0
-1.0483407705840284,-1.3640788845851928,1.3614908041934044,3.66866417437579,2.5388577786636897,-2.5505298066010336,1.1573934164711068,1.2834876358166079,0.0,1.0,0.0,1.0,FRA_10612,1
0.8418228892335858,0.5497238189458657,-0.32341240506576246,-0.405220684757478,-0.43172464566980057,0.6532341144951802,-0.33601744349161167,-0.44047157951798976,1.0,0.0,0.0,1.0,FRA_10613,0
-0.7383139269102399,-0.6170555244708391,-0.35079279111188566,-0.5098075826273777,-0.43172464566980057,0.25276362435815386,-0.33601744349161167,-0.44047157951798976,0.0,1.0,0.0,1.0,FRA_10614,0
1.071842805507687,0.6991284909687364,-0.3473837868324528,-0.17903275252209688,-0.43172464566980057,0.5197439511161712,-0.33601744349161167,-0.44047157951798976,0.0,1.0,0.0,1.0,FRA_10615,0
1.7519016884050298,1.097540949696392,-0.3729704302171962,-0.24458721960801486,-0.43172464566980057,0.18601854266864934,-0.33601744349161167,-0.44047157951798976,0.0,1.0,0.0,1.0,FRA_10616,0
-1.628390994231762,-0.6312845408539697,3.9709334114847943,1.8856827527946778,1.5486636372191929,-3.1512355418065736,4.144215136396544,2.145467243483907,0.0,1.0,0.0,1.0,FRA_10617,1
1.4018713810313974,0.8058461138422155,-0.320445949372791,-0.3376645545544327,-0.43172464566980057,0.11927346097914482,-0.33601744349161167,-0.44047157951798976,0.0,1.0,0.0,1.0,FRA_10618,0
0.441788252235149,0.1726548847929064,-0.3658615005230168,-0.2155631044096695,-0.43172464566980057,0.6532341144951802,-0.33601744349161167,0.42150802814930916,0.0,1.0,0.0,1.0,FRA_10619,0
1.6718947610053423,1.1544570152289138,-0.3266425035600913,-0.2876229766262511,-0.43172464566980057,-0.08096178408936873,-0.33601744349161167,0.42150802814930916,0.0,1.0,0.0,1.0,FRA_10620,0
-0.10825937363770194,-0.21152855755161842,-0.3683583869208848,-0.5138109088616322,-0.43172464566980057,0.11927346097914482,-0.33601744349161167,-0.44047157951798976,0.0,1.0,0.0,1.0,FRA_10621,0
1.2318566603070618,0.7845025892675198,-0.3845089964886481,-0.3666886697527781,-0.43172464566980057,0.11927346097914482,-0.33601744349161167,-0.44047157951798976,0.0,1.0,0.0,1.0,FRA_10622,0
-1.5183814690571917,-1.499254540224933,1.3632236602558834,3.7527340252951356,1.5486636372191929,-1.74958882632698,1.1573934164711068,2.145467243483907,1.0,0.0,1.0,0.0,FRA_10623,1
-0.5682992061859043,-0.46053634425640305,-0.26793346648449257,-0.5508416765284866,-0.43172464566980057,0.6532341144951802,-0.33601744349161167,-0.44047157951798976,1.0,0.0,0.0,1.0,FRA_10624,0
-1.5083806031322309,-1.499254540224933,1.3796074582603084,2.623796027235357,1.5486636372191929,-2.4170396432220245,4.144215136396544,1.2834876358166079,0.0,1.0,0.0,1.0,FRA_10625,1
1.6718947610053423,1.0761974251216961,-0.4101812340851674,-0.5298242137986503,-0.43172464566980057,0.11927346097914482,-0.33601744349161167,0.42150802814930916,1.0,0.0,0.0,1.0,FRA_10626,0
1.1218471351324915,0.7845025892675198,-0.2864553112241638,-0.11798202744971532,-0.43172464566980057,0.5197439511161712,-0.33601744349161167,-0.44047157951798976,0.0,1.0,0.0,1.0,FRA_10627,0
1.2418575262320226,0.684899474585606,-0.307787366889854,-0.28912422396409654,-0.43172464566980057,0.31950870604765835,-0.33601744349161167,-0.44047157951798976,0.0,1.0,0.0,1.0,FRA_10628,0
1.54188350398085,5.0247494714404235,4.051807603060867,2.727882509325975,3.529051920108186,-2.1500593164640067,2.650804276433825,1.2834876358166079,0.0,1.0,1.0,0.0,FRA_10629,1
-1.4383745416575044,-1.1577581470298,-0.2988279035102641,-0.3026354500047056,-0.43172464566980057,0.3862537877371629,-0.33601744349161167,-0.44047157951798976,0.0,1.0,0.0,1.0,FRA_10630,0
-0.38828361953660756,-0.4107347869154461,-0.3620284424852092,-0.20705603616187862,-0.43172464566980057,0.31950870604765835,-0.33601744349161167,-0.44047157951798976,1.0,0.0,0.0,1.0,FRA_10631,0
-1.488378871282309,-1.2004451961791915,-0.2518120528230827,-0.26260218766216026,-0.43172464566980057,0.18601854266864934,-0.33601744349161167,-0.44047157951798976,0.0,1.0,0.0,1.0,FRA_10632,0
-0.9983364409592239,-0.8589488029840584,-0.2904464700261316,-0.12799034303535162,-0.43172464566980057,-0.014216702399864218,-0.33601744349161167,-0.44047157951798976,1.0,0.0,0.0,1.0,FRA_10633,0
-0.9383312454094582,-0.7735747046852751,-0.3873395252492898,-0.1715265158328697,-0.43172464566980057,0.11927346097914482,-0.33601744349161167,0.42150802814930916,0.0,1.0,0.0,1.0,FRA_10634,0
-0.09825850771274078,-0.2542156067010101,-0.2714231897550699,-0.4892905356768232,0.5584694957746962,0.4529988694266667,-0.33601744349161167,-0.44047157951798976,1.0,0.0,0.0,1.0,FRA_10635,0
-0.7983191224600055,-0.7237731473443183,-0.2864553112241638,-0.5758624654925775,-0.43172464566980057,0.7199791961846848,-0.33601744349161167,-0.44047157951798976,0.0,1.0,0.0,1.0,FRA_10636,0
-1.3883702120326997,-1.086613065114147,-0.3403124776460124,-0.13049242193176072,-0.43172464566980057,0.0525283792896403,-0.33601744349161167,-0.44047157951798976,0.0,1.0,0.0,1.0,FRA_10637,0
-1.1483494298336376,-0.9016358521334501,-0.30121161395070606,-0.18753982076988784,-0.43172464566980057,0.5197439511161712,-0.33601744349161167,-0.44047157951798976,0.0,1.0,0.0,1.0,FRA_10638,0
-1.218355491308364,-0.9514374094744069,-0.2937333066865757,-0.5288233822400866,-0.43172464566980057,0.7199791961846848,-0.33601744349161167,-0.44047157951798976,0.0,1.0,0.0,1.0,FRA_10639,0
1.6718947610053423,1.0690829169301308,-0.402586804037433,-0.5548450027627412,-0.43172464566980057,0.18601854266864934,-0.33601744349161167,0.42150802814930916,0.0,1.0,0.0,1.0,FRA_10640,0
0.9218298166332732,3.9077716853646747,4.034555083377213,3.898855432845426,2.5388577786636897,-2.4170396432220245,2.650804276433825,2.145467243483907,0.0,1.0,0.0,1.0,FRA_10641,1
1.6518930291554206,1.1758005398036098,-0.28804561871595075,-0.49129219879395036,0.5584694957746962,0.5864890328056757,-0.33601744349161167,-0.44047157951798976,1.0,0.0,0.0,1.0,FRA_10642,0
-0.19826716696235008,1.9228238999179634,4.043951988910959,1.5594116647029337,3.529051920108186,-3.0844904601170695,4.144215136396544,3.8694264588185048,0.0,1.0,0.0,1.0,FRA_10643,1
-0.7683165246851227,-0.6312845408539697,-0.32938063140043033,-0.4802830516497505,-0.43172464566980057,0.4529988694266667,-0.33601744349161167,-0.44047157951798976,0.0,1.0,0.0,1.0,FRA_10644,0
1.051841073657765,0.5426093107543006,-0.2928484440163739,-0.10847412764336083,-0.43172464566980057,0.11927346097914482,-0.33601744349161167,-0.44047157951798976,0.0,1.0,0.0,1.0,FRA_10645,0
-0.5983018039607871,-0.5387959343636212,-0.4101812340851674,-0.358682017284269,-0.43172464566980057,0.4529988694266667,-0.33601744349161167,-0.44047157951798976,0.0,1.0,0.0,1.0,FRA_10646,0
-0.6883095972854353,-0.6170555244708391,-0.371866109586276,-0.2751125821442057,-0.43172464566980057,0.5864890328056757,-0.33601744349161167,-0.44047157951798976,0.0,1.0,0.0,1.0,FRA_10647,0
-0.9283303794844974,-0.7380021637274486,-0.29684451085371366,-0.3606836804013963,-0.43172464566980057,0.11927346097914482,-0.33601744349161167,-0.44047157951798976,0.0,1.0,0.0,1.0,FRA_10648,0
-1.2883615527830907,-1.0012389668153638,-0.28515293308878475,-0.40071694274394165,-0.43172464566980057,-0.08096178408936873,-0.33601744349161167,-0.44047157951798976,0.0,1.0,0.0,1.0,FRA_10649,0
-0.8383225861598492,-0.6597425736202307,-0.26171012665196297,-0.20455395726546954,-0.43172464566980057,0.3862537877371629,-0.33601744349161167,-0.44047157951798976,0.0,1.0,0.0,1.0,FRA_10650,0
-0.4982931447111778,-0.4747653606395336,-0.39311558955261516,-0.1995497994726514,-0.43172464566980057,0.0525283792896403,-0.33601744349161167,0.42150802814930916,0.0,1.0,0.0,1.0,FRA_10651,0
0.6218038388844453,0.3505175895820382,-0.3790334493089705,-0.399716111185378,-0.43172464566980057,0.4529988694266667,-0.33601744349161167,-0.44047157951798976,0.0,1.0,0.0,1.0,FRA_10652,0
-1.5183814690571917,-1.1933306879876262,-0.4101812340851674,-0.33716413877515095,-0.43172464566980057,0.6532341144951802,-0.33601744349161167,-0.44047157951798976,0.0,1.0,0.0,1.0,FRA_10653,0
-0.9983364409592239,-0.8589488029840584,-0.2904464700261316,-0.2065556203825968,0.5584694957746962,0.7867242778741892,-0.33601744349161167,-0.44047157951798976,0.0,1.0,0.0,1.0,FRA_10654,0
1.091844537357609,0.5781818517121269,-0.30317503052970474,-0.33065873364448733,-0.43172464566980057,0.7867242778741892,-0.33601744349161167,-0.44047157951798976,0.0,1.0,0.0,1.0,FRA_10655,0
-1.2283563572333251,-1.0012389668153638,-0.35138079549775975,-0.3862048851447689,-0.43172464566980057,0.6532341144951802,-0.33601744349161167,-0.44047157951798976,0.0,1.0,0.0,1.0,FRA_10656,0
-0.5382966084110214,-0.5387959343636212,-0.3053780994264349,-0.45626309424422323,-0.43172464566980057,-0.014216702399864218,-0.33601744349161167,-0.44047157951798976,0.0,1.0,0.0,1.0,FRA_10657,0
1.2918618558568271,0.8200751302253461,-0.3933573125629913,-0.23207682512596944,0.5584694957746962,0.7867242778741892,-0.33601744349161167,0.42150802814930916,1.0,0.0,0.0,1.0,FRA_10658,0
-1.1983537594584424,-0.979895442240668,-0.3530769619954734,-0.5238192244472685,-0.43172464566980057,0.7199791961846848,-0.33601744349161167,0.42150802814930916,0.0,1.0,0.0,1.0,FRA_10659,0
-1.4483754075824653,-1.1221856060719737,-0.29741836768020247,-0.5348283715914685,0.5584694957746962,0.25276362435815386,-0.33601744349161167,-0.44047157951798976,1.0,0.0,0.0,1.0,FRA_10660,0
-0.0382533121629752,-0.1546124920190962,-0.38318648727913024,-0.5668549814655046,-0.43172464566980057,0.18601854266864934,-0.33601744349161167,-0.44047157951798976,0.0,1.0,0.0,1.0,FRA_10661,0
-0.6783087313604743,-0.5814829835130126,-0.37211171935870474,-0.15501279511656976,-0.43172464566980057,0.31950870604765835,-0.33601744349161167,-0.44047157951798976,0.0,1.0,0.0,1.0,FRA_10662,0
0.2317700678109697,0.12285332745194927,-0.28996171389633846,-0.5298242137986503,-0.43172464566980057,0.11927346097914482,-0.33601744349161167,-0.44047157951798976,0.0,1.0,0.0,1.0,FRA_10663,0
1.071842805507687,0.6920139827771713,-0.3563548507256975,-0.1580152897922606,-0.43172464566980057,0.6532341144951802,-0.33601744349161167,0.42150802814930916,1.0,0.0,0.0,1.0,FRA_10664,0
-1.258358955008208,-0.979895442240668,-0.2889803300580618,-0.45726392580278685,0.5584694957746962,0.18601854266864934,-0.33601744349161167,-0.44047157951798976,0.0,1.0,0.0,1.0,FRA_10665,0
0.29177526336073484,0.016135704578470224,-0.2810759232736856,-0.5678558130240684,-0.43172464566980057,0.31950870604765835,-0.33601744349161167,-0.44047157951798976,1.0,0.0,0.0,1.0,FRA_10666,0
0.031752749311751094,1.1971440643783058,1.9575077919421424,3.614619270213354,2.5388577786636897,-3.8186863587016187,2.650804276433825,1.2834876358166079,1.0,0.0,0.0,1.0,FRA_10667,1
-1.238357223158286,-1.0154679831984945,-0.3210985696252448,-0.3967136165096871,-0.43172464566980057,0.18601854266864934,-0.33601744349161167,-0.44047157951798976,0.0,1.0,0.0,1.0,FRA_10668,0
0.441788252235149,1.7307321787457013,1.9720044448804226,1.604449084838297,2.5388577786636897,-2.6840199699800427,2.650804276433825,1.2834876358166079,0.0,1.0,0.0,1.0,FRA_10669,1
-0.7783173906100836,-0.7095441309611877,-0.28815018687979393,-0.21055894661685134,-0.43172464566980057,0.4529988694266667,-0.33601744349161167,-0.44047157951798976,0.0,1.0,0.0,1.0,FRA_10670,0
-0.02825244623801449,-0.19018503297692274,-0.3026908395633905,-0.27811507681989656,-0.43172464566980057,0.3862537877371629,-0.33601744349161167,-0.44047157951798976,0.0,1.0,0.0,1.0,FRA_10671,0
-1.4483754075824653,-1.1577581470298,-0.33500598981519053,-0.1154799485533062,-0.43172464566980057,0.5864890328056757,-0.33601744349161167,-0.44047157951798976,1.0,0.0,0.0,1.0,FRA_10672,0
-0.1282611054876238,-0.2613301148925755,-0.2975965080694674,-0.3431691281265327,-0.43172464566980057,0.8534693595636937,-0.33601744349161167,-0.44047157951798976,1.0,0.0,0.0,1.0,FRA_10673,0
-0.6683078654355133,-0.588597491704578,-0.4101812340851674,-0.40772276365388704,-0.43172464566980057,-0.014216702399864218,-0.33601744349161167,-0.44047157951798976,0.0,1.0,0.0,1.0,FRA_10674,0
1.1418488669824132,0.6422124254362143,-0.3398990530516979,-0.14550489531021518,-0.43172464566980057,0.7867242778741892,-0.33601744349161167,-0.44047157951798976,0.0,1.0,0.0,1.0,FRA_10675,0
-1.5383832009071137,-1.2146742125623222,-0.3677609176756804,-0.19504605745911507,-0.43172464566980057,0.8534693595636937,-0.33601744349161167,-0.44047157951798976,1.0,0.0,0.0,1.0,FRA_10676,0
-0.2682732284370766,-0.3324751968082282,-0.3498883985792976,-0.4082231794331688,-0.43172464566980057,0.8534693595636937,-0.33601744349161167,-0.44047157951798976,0.0,1.0,0.0,1.0,FRA_10677,0
-0.1382619714125845,-0.1830705247853573,-0.35362081220585145,-0.36818991709062354,0.5584694957746962,0.11927346097914482,-0.33601744349161167,-0.44047157951798976,1.0,0.0,0.0,1.0,FRA_10678,0
0.8018194255337421,0.45012070426395184,-0.4004133980698248,-0.23808181447735124,-0.43172464566980057,0.0525283792896403,-0.33601744349161167,-0.44047157951798976,0.0,1.0,0.0,1.0,FRA_10679,0
0.27177353151081296,0.12285332745194927,-0.3391990313282569,-0.4952955250282049,-0.43172464566980057,0.0525283792896403,-0.33601744349161167,0.42150802814930916,0.0,1.0,0.0,1.0,FRA_10680,0
0.6018021070345234,0.40031914692299503,-0.2847126925923186,-0.33065873364448733,-0.43172464566980057,0.11927346097914482,-0.33601744349161167,-0.44047157951798976,0.0,1.0,0.0,1.0,FRA_10681,0
0.9818350121830388,0.5354948025627352,-0.34562857867942615,-0.26260218766216026,-0.43172464566980057,0.7867242778741892,-0.33601744349161167,-0.44047157951798976,0.0,1.0,0.0,1.0,FRA_10682,0
1.2818609899318663,2.7979084074804925,1.9602949698199683,2.211953840886422,1.5486636372191929,-2.4170396432220245,1.1573934164711068,2.145467243483907,0.0,1.0,1.0,0.0,FRA_10683,1
-0.6383052676606306,-0.5743684753214474,-0.3916223456560169,-0.23608015136022398,0.5584694957746962,0.18601854266864934,-0.33601744349161167,-0.44047157951798976,0.0,1.0,0.0,1.0,FRA_10684,0
0.14176227448632112,-1.029696999581625,1.3739673678432534,1.6675014730278057,3.529051920108186,-1.2156281728109448,2.650804276433825,3.8694264588185048,0.0,1.0,0.0,1.0,FRA_10685,1
1.2018540625321787,0.8343041466084766,-0.29796469939728054,-0.23758139869806943,-0.43172464566980057,0.3862537877371629,-0.33601744349161167,-0.44047157951798976,0.0,1.0,0.0,1.0,FRA_10686,0
1.7218990906301468,1.1117699660795224,-0.4101812340851674,-0.40321902164035067,-0.43172464566980057,0.4529988694266667,-0.33601744349161167,-0.44047157951798976,1.0,0.0,0.0,1.0,FRA_10687,0
1.3718687832565144,0.9694798022482168,-0.2867980423124215,-0.25259387207652395,-0.43172464566980057,-0.08096178408936873,-0.33601744349161167,-0.44047157951798976,0.0,1.0,0.0,1.0,FRA_10688,0
-0.43828794916141217,-0.4747653606395336,-0.294703706081564,-0.5503412607492048,-0.43172464566980057,0.25276362435815386,-0.33601744349161167,-0.44047157951798976,0.0,1.0,0.0,1.0,FRA_10689,0
-1.0583416365089895,-1.3711933927767581,1.3765049740093243,3.214787062567183,2.5388577786636897,-3.3514707868750873,4.144215136396544,2.145467243483907,0.0,1.0,0.0,1.0,FRA_10690,1
-0.02825244623801449,-0.10481093467813939,-0.35643603682427893,-0.4272389790458779,-0.43172464566980057,0.8534693595636937,-0.33601744349161167,-0.44047157951798976,0.0,1.0,0.0,1.0,FRA_10691,0
0.8618246210835077,0.478578737030213,-0.3814448907109986,-0.26460385077928755,-0.43172464566980057,0.6532341144951802,-0.33601744349161167,-0.44047157951798976,0.0,1.0,0.0,1.0,FRA_10692,0
-0.018251580313053337,-0.1617270002106616,-0.343302356863003,-0.5588483289969957,-0.43172464566980057,0.7199791961846848,-0.33601744349161167,-0.44047157951798976,0.0,1.0,0.0,1.0,FRA_10693,0
-0.048254178087936354,-0.1830705247853573,-0.3423862078599602,-0.5568466658798683,-0.43172464566980057,0.4529988694266667,-0.33601744349161167,-0.44047157951798976,0.0,1.0,0.0,1.0,FRA_10694,0
1.1918531966072181,-0.7308876555358834,1.373203496599385,2.918040505453065,3.529051920108186,-2.016569153084998,4.144215136396544,1.2834876358166079,0.0,1.0,0.0,1.0,FRA_10695,1
-0.4782914128612559,-0.4391928196817072,-0.376437800577621,-0.37769781689697807,-0.43172464566980057,0.11927346097914482,-0.33601744349161167,-0.44047157951798976,0.0,1.0,0.0,1.0,FRA_10696,0
1.2718601240069052,0.7845025892675198,-0.40172134192373143,-0.3181483391624419,-0.43172464566980057,0.0525283792896403,-0.33601744349161167,-0.44047157951798976,0.0,1.0,0.0,1.0,FRA_10697,0
-0.31827755806188124,-0.30401716404196705,-0.3328525322970401,-0.49179261457323226,-0.43172464566980057,0.25276362435815386,-0.33601744349161167,-0.44047157951798976,1.0,0.0,0.0,1.0,FRA_10698,0
-0.5883009380358262,-0.5387959343636212,-0.3921847362144759,-0.4057211005367598,-0.43172464566980057,0.18601854266864934,-0.33601744349161167,-0.44047157951798976,0.0,1.0,0.0,1.0,FRA_10699,0
-0.14826283733754567,-0.19729954116848786,-0.3675579496545821,-0.44675519443786876,-0.43172464566980057,0.0525283792896403,-0.33601744349161167,-0.44047157951798976,0.0,1.0,0.0,1.0,FRA_10700,0
0.931830682558234,0.4430061960723867,-0.26967229960579436,-0.14100115329667884,-0.43172464566980057,0.0525283792896403,-0.33601744349161167,-0.44047157951798976,0.0,1.0,0.0,1.0,FRA_10701,0
-1.2983624187080516,-1.0581550323478859,-0.31541244210652664,-0.27010842435138754,-0.43172464566980057,-0.014216702399864218,-0.33601744349161167,-0.44047157951798976,0.0,1.0,0.0,1.0,FRA_10702,0
-1.0483407705840284,-0.873177819367189,-0.360274979485771,-0.23557973558094217,-0.43172464566980057,0.11927346097914482,-0.33601744349161167,-0.44047157951798976,0.0,1.0,0.0,1.0,FRA_10703,0
1.591887833605655,0.9125637367156949,-0.29388532747952445,-0.3216512496174146,-0.43172464566980057,0.11927346097914482,-0.33601744349161167,-0.44047157951798976,0.0,1.0,0.0,1.0,FRA_10704,0
-1.1283476979837157,-0.8802923275587543,-0.27642347964083974,-0.08995874380993357,-0.43172464566980057,0.25276362435815386,-0.33601744349161167,-0.44047157951798976,1.0,0.0,0.0,1.0,FRA_10705,0
0.2517717996608916,0.02325021277003566,-0.33862889315350264,-0.35017494903647817,-0.43172464566980057,0.7867242778741892,-0.33601744349161167,-0.44047157951798976,0.0,1.0,0.0,1.0,FRA_10706,0
0.29177526336073484,0.07305177011099247,-0.37497069477294526,-0.39771444806825074,-0.43172464566980057,0.5197439511161712,-0.33601744349161167,-0.44047157951798976,0.0,1.0,0.0,1.0,FRA_10707,0
-0.02825244623801449,-0.1546124920190962,-0.3698723361395013,-0.1805339998599424,-0.43172464566980057,0.7199791961846848,-0.33601744349161167,-0.44047157951798976,0.0,1.0,0.0,1.0,FRA_10708,0
0.521795179634836,0.23668545851699374,-0.3779049063822971,-0.3411674650094055,-0.43172464566980057,-0.14770686577887324,-0.33601744349161167,0.42150802814930916,0.0,1.0,0.0,1.0,FRA_10709,0
-0.9383312454094582,-0.7806892128768403,-0.4101812340851674,-0.4182314950188052,-0.43172464566980057,0.31950870604765835,-0.33601744349161167,-0.44047157951798976,0.0,1.0,0.0,1.0,FRA_10710,0
0.19176660411112598,0.0090211963869051,-0.3857415456187963,-0.2500917931801149,-0.43172464566980057,0.7867242778741892,-0.33601744349161167,-0.44047157951798976,0.0,1.0,0.0,1.0,FRA_10711,0
-0.43828794916141217,-0.382276754149185,-0.3112004957963645,-0.5353287873707503,-0.43172464566980057,0.18601854266864934,-0.33601744349161167,-0.44047157951798976,0.0,1.0,0.0,1.0,FRA_10712,0
0.5818003751846016,0.3718611141567339,-0.30488257633112176,-0.5508416765284866,-0.43172464566980057,0.7199791961846848,-0.33601744349161167,-0.44047157951798976,1.0,0.0,0.0,1.0,FRA_10713,0
-1.2483580890832469,-0.9870099504322333,-0.3501929078495293,-0.3181483391624419,-0.43172464566980057,-0.014216702399864218,-0.33601744349161167,-0.44047157951798976,0.0,1.0,0.0,1.0,FRA_10714,0
0.26177266558585227,0.08016627830255758,-0.39830354549051133,-0.11648078011186981,-0.43172464566980057,0.18601854266864934,-0.33601744349161167,-0.44047157951798976,0.0,1.0,0.0,1.0,FRA_10715,0
-1.0883442342838723,-0.8518342947924932,-0.28107592327368536,-0.1710261000535879,0.5584694957746962,-0.14770686577887324,-0.33601744349161167,-0.44047157951798976,0.0,1.0,0.0,1.0,FRA_10716,0
-0.7583156587601617,-0.6455135572371001,-0.3901175709185182,-0.17903275252209688,-0.43172464566980057,0.11927346097914482,-0.33601744349161167,-0.44047157951798976,0.0,1.0,0.0,1.0,FRA_10717,0
-0.9683338431843411,-0.8447197866009278,-0.26989357351836013,-0.405220684757478,-0.43172464566980057,0.3862537877371629,-0.33601744349161167,-0.44047157951798976,0.0,1.0,0.0,1.0,FRA_10718,0
-1.0983451002088331,-0.9087503603250152,-0.35808610867000856,-0.28311923461271477,-0.43172464566980057,0.3862537877371629,-0.33601744349161167,-0.44047157951798976,0.0,1.0,0.0,1.0,FRA_10719,0
1.1518497329073745,0.6493269336277797,-0.3401063751196432,-0.5473387660735138,-0.43172464566980057,0.0525283792896403,-0.33601744349161167,-0.44047157951798976,0.0,1.0,0.0,1.0,FRA_10720,0
-0.7383139269102399,-0.6028265080877085,-0.3112004957963645,-0.23908264603591492,-0.43172464566980057,0.18601854266864934,-0.33601744349161167,-0.44047157951798976,1.0,0.0,0.0,1.0,FRA_10721,0
1.5018800402810069,0.9339072612903906,-0.3863623398445462,-0.4937942776903595,-0.43172464566980057,0.4529988694266667,-0.33601744349161167,0.42150802814930916,0.0,1.0,0.0,1.0,FRA_10722,0
1.6518930291554206,0.9694798022482168,-0.31094604659767844,-0.5663545656862229,-0.43172464566980057,0.11927346097914482,-0.33601744349161167,-0.44047157951798976,0.0,1.0,0.0,1.0,FRA_10723,0
0.26177266558585227,0.1086243110688187,-0.35079279111188594,-0.11648078011186981,-0.43172464566980057,0.5197439511161712,-0.33601744349161167,-0.44047157951798976,1.0,0.0,0.0,1.0,FRA_10724,0
-1.238357223158286,-0.9870099504322333,-0.3804870125985265,-0.36468700663565085,-0.43172464566980057,0.3862537877371629,-0.33601744349161167,-0.44047157951798976,0.0,1.0,0.0,1.0,FRA_10725,0
-0.42828708323645126,-0.3751622459576197,-0.3117473507040374,-0.2215680937610513,-0.43172464566980057,-0.014216702399864218,-0.33601744349161167,-0.44047157951798976,0.0,1.0,0.0,1.0,FRA_10726,0
1.051841073657765,0.6350979172446491,-0.4101812340851674,-0.14250240063452435,0.5584694957746962,-0.08096178408936873,-0.33601744349161167,-0.44047157951798976,0.0,1.0,0.0,1.0,FRA_10727,0
-0.44828881508637314,-0.49610888521422947,-0.2608806791244032,-0.4062215163160416,-0.43172464566980057,-0.014216702399864218,-0.33601744349161167,-0.44047157951798976,0.0,1.0,0.0,1.0,FRA_10728,0
-1.4383745416575044,-1.1577581470298,-0.2988279035102641,-0.5053038406138413,-0.43172464566980057,0.5864890328056757,-0.33601744349161167,0.42150802814930916,0.0,1.0,0.0,1.0,FRA_10729,0
0.21176833596104785,0.07305177011099247,-0.34958078207161486,-0.25359470363508757,-0.43172464566980057,-0.14770686577887324,-0.33601744349161167,-0.44047157951798976,1.0,0.0,0.0,1.0,FRA_10730,0
1.2218557943821007,0.7631590646928241,-0.4015990891468317,-0.2520934562972421,-0.43172464566980057,0.5864890328056757,-0.33601744349161167,-0.44047157951798976,0.0,1.0,0.0,1.0,FRA_10731,0
1.051841073657765,0.5354948025627352,-0.28382284478031256,-0.4937942776903595,-0.43172464566980057,0.5864890328056757,-0.33601744349161167,0.42150802814930916,0.0,1.0,0.0,1.0,FRA_10732,0
-1.1283476979837157,-0.9443229012828416,-0.3031750305297048,-0.09446248582346992,-0.43172464566980057,-0.14770686577887324,-0.33601744349161167,0.42150802814930916,0.0,1.0,0.0,1.0,FRA_10733,0
0.6118029729594846,0.27937250766638544,-0.3476670835869761,-0.25559636675221487,-0.43172464566980057,0.4529988694266667,-0.33601744349161167,0.42150802814930916,0.0,1.0,0.0,1.0,FRA_10734,0
-0.9683338431843411,-0.07635290191187825,1.9747089955505541,3.685678310871372,3.529051920108186,-3.2847257051855827,2.650804276433825,1.2834876358166079,0.0,1.0,1.0,0.0,FRA_10735,1
-0.978334709109302,-0.8304907702177973,-0.33948070673602243,-0.43324396839725965,-0.43172464566980057,0.7867242778741892,-0.33601744349161167,-0.44047157951798976,0.0,1.0,0.0,1.0,FRA_10736,0
1.3218644536317101,4.626337012712768,4.04395198891096,1.2786784125258346,1.5486636372191929,-2.9510002967380604,4.144215136396544,1.2834876358166079,1.0,0.0,0.0,1.0,FRA_10737,1
-0.8683251839347318,-0.7593456883021446,-0.3234827771898656,-0.25159304051796033,-0.43172464566980057,0.5864890328056757,-0.33601744349161167,-0.44047157951798976,0.0,1.0,0.0,1.0,FRA_10738,0
-0.8183208543099273,0.11573881926038414,1.9737210542789574,3.115204322490101,1.5486636372191929,-2.617274888290538,4.144215136396544,3.8694264588185048,0.0,1.0,0.0,1.0,FRA_10739,1
-1.7384005194063321,-1.3498498682020623,-0.4101812340851674,-0.2881233924055329,-0.43172464566980057,0.8534693595636937,-0.33601744349161167,-0.44047157951798976,0.0,1.0,0.0,1.0,FRA_10740,0
1.3118635877067488,0.7062429991603019,-0.2763481231594624,-0.4262381474873143,-0.43172464566980057,-0.08096178408936873,-0.33601744349161167,-0.44047157951798976,0.0,1.0,0.0,1.0,FRA_10741,0
1.0318393418078433,0.6137543926699531,-0.40110043240729537,-0.42323565281162334,-0.43172464566980057,0.11927346097914482,-0.33601744349161167,-0.44047157951798976,0.0,1.0,0.0,1.0,FRA_10742,0
0.4617899840850709,0.2509144749001243,-0.3551919350358327,-0.33215998098233274,-0.43172464566980057,0.18601854266864934,-0.33601744349161167,-0.44047157951798976,0.0,1.0,0.0,1.0,FRA_10743,0
0.8918272188583902,0.42166267149769104,-0.27736362999156644,-0.5163129877580412,-0.43172464566980057,0.6532341144951802,-0.33601744349161167,-0.44047157951798976,1.0,0.0,0.0,1.0,FRA_10744,0
-1.2083546253834032,-0.9514374094744069,-0.32369321033766973,-0.23157640934668763,-0.43172464566980057,0.31950870604765835,-0.33601744349161167,-0.44047157951798976,0.0,1.0,0.0,1.0,FRA_10745,0
-0.1382619714125845,-0.2755591312757061,-0.2829202848567062,-0.27911590837846023,-0.43172464566980057,0.3862537877371629,-0.33601744349161167,-0.44047157951798976,0.0,1.0,0.0,1.0,FRA_10746,0
-0.5082940106361387,-0.5032233934057947,-0.3415240745784833,-0.26810676123426025,-0.43172464566980057,0.7199791961846848,-0.33601744349161167,-0.44047157951798976,1.0,0.0,0.0,1.0,FRA_10747,0
-1.4083719438826217,-1.1008420814972777,-0.3386288931535026,-0.3091408551353692,-0.43172464566980057,0.3862537877371629,-0.33601744349161167,-0.44047157951798976,1.0,0.0,0.0,1.0,FRA_10748,0
-0.0382533121629752,-0.12615445925283506,-0.38318648727913024,-0.2150626886303877,0.5584694957746962,-0.08096178408936873,-0.33601744349161167,-0.44047157951798976,0.0,1.0,0.0,1.0,FRA_10749,0
1.481878308431085,4.918031848566944,4.051934306514895,1.6795114517305696,3.529051920108186,-2.35029456153252,2.650804276433825,3.8694264588185048,0.0,1.0,0.0,1.0,FRA_10750,1
-1.598388396456879,-1.2573612617117138,-0.363784013012291,-0.5053038406138413,-0.43172464566980057,0.5864890328056757,-0.33601744349161167,-0.44047157951798976,0.0,1.0,0.0,1.0,FRA_10751,0
-0.7183121950603181,-1.2715902780948443,1.3675649207071467,1.5864341167841516,3.529051920108186,-2.216804398153511,1.1573934164711068,3.8694264588185048,1.0,0.0,0.0,1.0,FRA_10752,1
-1.0083373068841848,-0.8376052784093626,-0.3860395906000935,-0.24458721960801486,-0.43172464566980057,0.11927346097914482,-0.33601744349161167,0.42150802814930916,1.0,0.0,0.0,1.0,FRA_10753,0
-0.9083286476345754,-0.7308876555358834,-0.32087530480203696,-0.26710592967569663,-0.43172464566980057,-0.08096178408936873,-0.33601744349161167,-0.44047157951798976,0.0,1.0,0.0,1.0,FRA_10754,0
1.4418748447312413,0.9267927530988255,-0.39404307023373214,-0.20855728349972408,-0.43172464566980057,0.7199791961846848,-0.33601744349161167,-0.44047157951798976,1.0,0.0,0.0,1.0,FRA_10755,0
-0.09825850771274078,-0.2044140493600533,-0.3685538207861378,-0.4712755676226778,-0.43172464566980057,-0.08096178408936873,-0.33601744349161167,0.42150802814930916,0.0,1.0,0.0,1.0,FRA_10756,0
-0.10825937363770194,-0.2328720821263144,-0.3265355397566016,-0.12849075881463343,-0.43172464566980057,0.8534693595636937,-0.33601744349161167,-0.44047157951798976,0.0,1.0,0.0,1.0,FRA_10757,0
0.9218298166332732,0.6422124254362143,-0.27862455661270824,-0.5873720284160592,-0.43172464566980057,0.7867242778741892,-0.33601744349161167,-0.44047157951798976,0.0,1.0,0.0,1.0,FRA_10758,0
-1.1983537594584424,-0.9941244586237986,-0.29597268990577946,-0.37719740111769623,0.5584694957746962,0.3862537877371629,-0.33601744349161167,-0.44047157951798976,1.0,0.0,0.0,1.0,FRA_10759,0
-0.02825244623801449,2.2145187357721396,4.023797539938127,1.1640831990702982,2.5388577786636897,-2.884255215048556,1.1573934164711068,1.2834876358166079,0.0,1.0,0.0,1.0,FRA_10760,1
-0.2382706306621938,-0.2755591312757061,-0.3953341233418473,-0.2260718357745877,-0.43172464566980057,-0.014216702399864218,-0.33601744349161167,-0.44047157951798976,1.0,0.0,0.0,1.0,FRA_10761,0
0.3517804589105004,0.06593726191942734,-0.29553173027574364,-0.18653898921132414,0.5584694957746962,0.25276362435815386,-0.33601744349161167,-0.44047157951798976,1.0,0.0,0.0,1.0,FRA_10762,0
1.7619025543299904,1.0121668513976085,-0.2765572373952835,-0.5828682864025228,0.5584694957746962,-0.014216702399864218,-0.33601744349161167,-0.44047157951798976,0.0,1.0,0.0,1.0,FRA_10763,0
0.9518324144081558,0.6350979172446491,-0.3170959002712462,-0.14500447953093337,-0.43172464566980057,0.3862537877371629,-0.33601744349161167,-0.44047157951798976,0.0,1.0,0.0,1.0,FRA_10764,0
-0.348280155836764,-0.29690265585040176,-0.26878017938687754,-0.2881233924055329,-0.43172464566980057,-0.14770686577887324,-0.33601744349161167,-0.44047157951798976,0.0,1.0,0.0,1.0,FRA_10765,0
1.161850598832335,0.7275865237349975,-0.39271404497537865,-0.12148493790468805,-0.43172464566980057,0.8534693595636937,-0.33601744349161167,-0.44047157951798976,0.0,1.0,0.0,1.0,FRA_10766,0
-1.1383485639086766,-0.9016358521334501,-0.3291969936670565,-0.16952485271574239,-0.43172464566980057,0.18601854266864934,-0.33601744349161167,-0.44047157951798976,0.0,1.0,0.0,1.0,FRA_10767,0
-1.628390994231762,-1.2573612617117138,-0.31282313085027924,-0.4402497893072051,0.5584694957746962,0.0525283792896403,-0.33601744349161167,-0.44047157951798976,0.0,1.0,0.0,1.0,FRA_10768,0
-1.0183381728091456,-0.8304907702177973,-0.38584170827644537,-0.21456227285110588,-0.43172464566980057,0.7867242778741892,-0.33601744349161167,-0.44047157951798976,1.0,0.0,0.0,1.0,FRA_10769,0
-0.5482974743359824,-0.5245669179804906,-0.35746959831006525,-0.2706088401306693,-0.43172464566980057,0.11927346097914482,-0.33601744349161167,-0.44047157951798976,0.0,1.0,0.0,1.0,FRA_10770,0
0.05175448116167295,-0.019436836379356018,-0.30644596251611633,-0.33966621767156,-0.43172464566980057,0.25276362435815386,-0.33601744349161167,-0.44047157951798976,0.0,1.0,0.0,1.0,FRA_10771,0
0.411785654460266,0.2651434912832549,-0.2757168349003785,-0.2876229766262511,0.5584694957746962,0.0525283792896403,-0.33601744349161167,-0.44047157951798976,0.0,1.0,0.0,1.0,FRA_10772,0
1.451875710656202,1.0121668513976085,-0.3055674456498474,-0.24909096162155125,-0.43172464566980057,0.11927346097914482,-0.33601744349161167,-0.44047157951798976,0.0,1.0,0.0,1.0,FRA_10773,0
0.041753615236711804,-0.09058191829500882,-0.3971574527313778,-0.2540951194143694,-0.43172464566980057,0.25276362435815386,-0.33601744349161167,0.42150802814930916,0.0,1.0,0.0,1.0,FRA_10774,0
0.011751017461829232,1.1829150479951749,1.9785539166179402,2.68234467341133,3.529051920108186,-3.751941277012114,1.1573934164711068,3.8694264588185048,0.0,1.0,1.0,0.0,FRA_10775,1
-1.5583849327570354,-1.2431322453285831,-0.27917731576175175,-0.37369449066272353,-0.43172464566980057,0.3862537877371629,-0.33601744349161167,-0.44047157951798976,1.0,0.0,0.0,1.0,FRA_10776,0
-1.618390128306801,-1.2431322453285831,-0.2664995172143245,-0.1364974112831425,-0.43172464566980057,0.18601854266864934,-0.33601744349161167,-0.44047157951798976,0.0,1.0,0.0,1.0,FRA_10777,0
0.19176660411112598,0.0090211963869051,-0.3857415456187963,-0.22557141999530583,-0.43172464566980057,0.7199791961846848,-0.33601744349161167,0.42150802814930916,1.0,0.0,0.0,1.0,FRA_10778,0
-0.20826803288731124,-0.2826736394672712,-0.36629814814431916,-0.3091408551353692,-0.43172464566980057,0.0525283792896403,-0.33601744349161167,-0.44047157951798976,1.0,0.0,0.0,1.0,FRA_10779,0
1.2018540625321787,0.6706704582024754,-0.32386082278679273,-0.15100946888231523,-0.43172464566980057,0.31950870604765835,-0.33601744349161167,-0.44047157951798976,0.0,1.0,0.0,1.0,FRA_10780,0
-1.1783520276085204,-0.9372083930912763,-0.35415440109150537,-0.3982148638475325,-0.43172464566980057,0.4529988694266667,-0.33601744349161167,-0.44047157951798976,1.0,0.0,0.0,1.0,FRA_10781,0
-1.648392726081684,-1.3071628190526705,-0.2591936672039432,-0.35718076994642356,-0.43172464566980057,0.4529988694266667,-0.33601744349161167,-0.44047157951798976,0.0,1.0,0.0,1.0,FRA_10782,0
-0.16826456918746752,-0.2328720821263144,-0.4101812340851674,-0.530825045357214,-0.43172464566980057,0.18601854266864934,-0.33601744349161167,-0.44047157951798976,1.0,0.0,0.0,1.0,FRA_10783,0
-0.9083286476345754,-0.7308876555358834,-0.32087530480203696,-0.4417510366450506,-0.43172464566980057,0.25276362435815386,-0.33601744349161167,-0.44047157951798976,0.0,1.0,0.0,1.0,FRA_10784,0
-1.5683857986819965,-1.2360177371370178,-0.3658615005230168,-0.5218175613301412,-0.43172464566980057,-0.08096178408936873,-0.33601744349161167,-0.44047157951798976,1.0,0.0,0.0,1.0,FRA_10785,0
0.8018194255337421,0.3505175895820382,-0.26366369385503174,-0.2761134137027693,-0.43172464566980057,0.8534693595636937,-0.33601744349161167,-0.44047157951798976,1.0,0.0,0.0,1.0,FRA_10786,0
-1.348366748332856,-1.079498556922582,-0.3768169402799529,-0.41072525832957796,-0.43172464566980057,0.7199791961846848,-0.33601744349161167,-0.44047157951798976,1.0,0.0,0.0,1.0,FRA_10787,0
0.39178392261034417,-0.9585519176659721,1.3737301708156895,2.1489014526969132,1.5486636372191929,-2.4170396432220245,2.650804276433825,2.145467243483907,1.0,0.0,1.0,0.0,FRA_10788,1
-0.7583156587601617,-0.6312845408539697,-0.34999024458521966,-0.5673553972447866,-0.43172464566980057,0.31950870604765835,-0.33601744349161167,-0.44047157951798976,0.0,1.0,0.0,1.0,FRA_10789,0
-1.1283476979837157,-0.8874068357503195,-0.3031750305297054,-0.5373304504878775,-0.43172464566980057,0.0525283792896403,-0.33601744349161167,-0.44047157951798976,0.0,1.0,0.0,1.0,FRA_10790,0
-0.4082853513865294,-0.42496380329857664,-0.36150218246772337,-0.38970779559974167,-0.43172464566980057,0.3862537877371629,-0.33601744349161167,-0.44047157951798976,0.0,1.0,0.0,1.0,FRA_10791,0
1.071842805507687,0.6350979172446491,-0.3922391062986774,-0.34416995968509634,-0.43172464566980057,0.5864890328056757,-0.33601744349161167,-0.44047157951798976,0.0,1.0,0.0,1.0,FRA_10792,0
-0.3682818876866857,-0.40362027872388084,-0.3466641827768447,-0.1470061426480607,-0.43172464566980057,0.0525283792896403,-0.33601744349161167,-0.44047157951798976,0.0,1.0,0.0,1.0,FRA_10793,0
0.8918272188583902,0.5852963599036923,-0.3247984885964235,-0.5678558130240684,0.5584694957746962,-0.014216702399864218,-0.33601744349161167,-0.44047157951798976,0.0,1.0,0.0,1.0,FRA_10794,0
-1.2983624187080516,-1.0439260159647554,-0.378591636758954,-0.34366954390581456,-0.43172464566980057,0.25276362435815386,-0.33601744349161167,-0.44047157951798976,1.0,0.0,0.0,1.0,FRA_10795,0
0.961833280333117,0.4714642288386478,-0.28026901508111357,-0.5888732757539047,-0.43172464566980057,0.5197439511161712,-0.33601744349161167,-0.44047157951798976,0.0,1.0,0.0,1.0,FRA_10796,0
-0.9083286476345754,-0.7949182292599709,-0.2985488224812543,-0.3842032220276417,-0.43172464566980057,0.5864890328056757,-0.33601744349161167,-0.44047157951798976,1.0,0.0,0.0,1.0,FRA_10797,0
0.6318047048094064,0.2509144749001243,-0.2860242104476446,-0.11948327478756074,-0.43172464566980057,0.7199791961846848,-0.33601744349161167,0.42150802814930916,0.0,1.0,0.0,1.0,FRA_10798,0
0.24177093373593042,0.1086243110688187,-0.32636689924384266,-0.5053038406138413,-0.43172464566980057,0.6532341144951802,-0.33601744349161167,-0.44047157951798976,1.0,0.0,0.0,1.0,FRA_10799,0
1.5118809062059675,0.91967824490726,-0.362670479706542,-0.45826475736135047,-0.43172464566980057,0.3862537877371629,-0.33601744349161167,-0.44047157951798976,1.0,0.0,0.0,1.0,FRA_10800,0
-0.3782827536116466,-0.40362027872388084,-0.36228732846155304,-0.3521766121536054,-0.43172464566980057,0.5197439511161712,-0.33601744349161167,0.42150802814930916,0.0,1.0,0.0,1.0,FRA_10801,0
-1.5083806031322309,-1.2004451961791915,-0.32882720261491843,-0.39921569540609614,-0.43172464566980057,0.4529988694266667,-0.33601744349161167,-0.44047157951798976,0.0,1.0,0.0,1.0,FRA_10802,0
-1.6683944579316057,-1.285819294477975,-0.3059909832548485,-0.4502581048928414,0.5584694957746962,-0.08096178408936873,-0.33601744349161167,-0.44047157951798976,1.0,0.0,0.0,1.0,FRA_10803,0
1.1518497329073745,0.5995253762868229,-0.27879087352480975,-0.14250240063452435,-0.43172464566980057,0.5197439511161712,-0.33601744349161167,-0.44047157951798976,0.0,1.0,0.0,1.0,FRA_10804,0
0.10175881078647739,-0.10481093467813939,-0.29597268990577974,-0.5703578919204774,-0.43172464566980057,0.18601854266864934,-0.33601744349161167,-0.44047157951798976,0.0,1.0,0.0,1.0,FRA_10805,0
0.9718341462580776,0.5710673435205618,-0.40093069779649443,-0.290625471301942,-0.43172464566980057,0.11927346097914482,-0.33601744349161167,-0.44047157951798976,0.0,1.0,0.0,1.0,FRA_10806,0
-0.9183295135595364,-0.7735747046852751,-0.3876856117468031,-0.14200198485524254,0.5584694957746962,0.5197439511161712,-0.33601744349161167,-0.44047157951798976,0.0,1.0,0.0,1.0,FRA_10807,0
-0.5282957424860606,1.3323197200180457,4.0352694680084324,1.26917051271948,3.529051920108186,-3.4182158685645914,1.1573934164711068,1.2834876358166079,0.0,1.0,0.0,1.0,FRA_10808,1
-1.628390994231762,-1.264475769903279,-0.36150218246772337,-0.23507931980166039,-0.43172464566980057,0.0525283792896403,-0.33601744349161167,-0.44047157951798976,0.0,1.0,0.0,1.0,FRA_10809,0
1.6318912973054986,0.9694798022482168,-0.32577905414897873,-0.37019158020775084,-0.43172464566980057,0.6532341144951802,-0.33601744349161167,-0.44047157951798976,0.0,1.0,0.0,1.0,FRA_10810,0
0.6018021070345234,0.3718611141567339,-0.3265355397566016,-0.1700252684950242,-0.43172464566980057,0.0525283792896403,-0.33601744349161167,-0.44047157951798976,0.0,1.0,0.0,1.0,FRA_10811,0
1.5318826380558894,0.9267927530988255,-0.3550460748261527,-0.5313254611364957,-0.43172464566980057,0.0525283792896403,-0.33601744349161167,-0.44047157951798976,1.0,0.0,0.0,1.0,FRA_10812,0
-0.8083199883849664,-0.6455135572371001,-0.2855900949803805,-0.5378308662671593,-0.43172464566980057,0.5197439511161712,-0.33601744349161167,-0.44047157951798976,0.0,1.0,0.0,1.0,FRA_10813,0
0.4017847885353053,0.2509144749001243,-0.286455311224164,-0.3056379446803965,-0.43172464566980057,0.5864890328056757,-0.33601744349161167,-0.44047157951798976,1.0,0.0,0.0,1.0,FRA_10814,0
0.6318047048094064,3.4097561119551063,4.05947161686565,1.2806800756429617,1.5486636372191929,-2.016569153084998,4.144215136396544,2.145467243483907,0.0,1.0,0.0,1.0,FRA_10815,1
-0.6283044017356697,-0.5672539671298821,-0.3917376182549557,-0.4397493735279233,-0.43172464566980057,0.11927346097914482,-0.33601744349161167,-0.44047157951798976,0.0,1.0,0.0,1.0,FRA_10816,0
1.2318566603070618,0.6920139827771713,-0.3246071087634358,-0.46477016249201414,-0.43172464566980057,0.4529988694266667,-0.33601744349161167,-0.44047157951798976,0.0,1.0,0.0,1.0,FRA_10817,0
1.5818869676806937,1.0761974251216961,-0.3402210263941285,-0.4827851305461595,-0.43172464566980057,0.6532341144951802,-0.33601744349161167,-0.44047157951798976,0.0,1.0,0.0,1.0,FRA_10818,0
1.3618679173315538,0.7418155401181281,-0.27820691636676353,-0.2841200661712784,-0.43172464566980057,0.6532341144951802,-0.33601744349161167,0.42150802814930916,0.0,1.0,0.0,1.0,FRA_10819,0
0.8518237551585465,0.5710673435205618,-0.3044736495048922,-0.20105104681049688,-0.43172464566980057,0.6532341144951802,-0.33601744349161167,-0.44047157951798976,0.0,1.0,0.0,1.0,FRA_10820,0
-0.7683165246851227,-0.7024296227696224,-0.2889803300580618,-0.3611840961806781,0.5584694957746962,0.7199791961846848,-0.33601744349161167,-0.44047157951798976,0.0,1.0,0.0,1.0,FRA_10821,0
-0.7483147928352009,-0.6241700326624043,-0.35039421095770257,-0.18653898921132414,-0.43172464566980057,0.31950870604765835,-0.33601744349161167,-0.44047157951798976,0.0,1.0,0.0,1.0,FRA_10822,0
1.6318912973054986,1.0335103759723046,-0.3948353831876786,-0.5333271242536229,-0.43172464566980057,0.7867242778741892,-0.33601744349161167,-0.44047157951798976,0.0,1.0,0.0,1.0,FRA_10823,0
-1.6983970557064882,-1.3142773272442358,-0.35519193503583246,-0.41072525832957796,-0.43172464566980057,0.5197439511161712,-0.33601744349161167,-0.44047157951798976,0.0,1.0,0.0,1.0,FRA_10824,0
0.7718168277588591,0.507036769796474,-0.3115293354584535,-0.5283229664608048,-0.43172464566980057,0.25276362435815386,-0.33601744349161167,0.42150802814930916,0.0,1.0,0.0,1.0,FRA_10825,0
0.7318133640590158,0.33628857319890765,-0.31020069035910386,-0.5848699495196501,-0.43172464566980057,0.6532341144951802,-0.33601744349161167,-0.44047157951798976,1.0,0.0,0.0,1.0,FRA_10826,0
0.441788252235149,0.15131136021821037,-0.33262170035140365,-0.524820056005832,-0.43172464566980057,-0.08096178408936873,-0.33601744349161167,-0.44047157951798976,0.0,1.0,0.0,1.0,FRA_10827,0
1.7318999565551079,1.0548539005470001,-0.34286435917842467,-0.3121433498110601,-0.43172464566980057,0.3862537877371629,-0.33601744349161167,0.42150802814930916,0.0,1.0,0.0,1.0,FRA_10828,0
-0.6483061335855915,-0.5245669179804906,-0.2794519570999564,-0.40922401099173256,-0.43172464566980057,0.5864890328056757,-0.33601744349161167,0.42150802814930916,1.0,0.0,0.0,1.0,FRA_10829,0
-0.5482974743359824,-0.51033790159736,-0.3926106888268,-0.3246537442931055,-0.43172464566980057,0.7199791961846848,-0.33601744349161167,-0.44047157951798976,0.0,1.0,0.0,1.0,FRA_10830,0
-1.4583762735074262,-0.7095441309611877,1.950128678955515,3.7517331937365723,2.5388577786636897,-2.35029456153252,1.1573934164711068,3.8694264588185048,0.0,1.0,1.0,0.0,FRA_10831,1
-0.18826630103738937,-0.31113167223353233,-0.27981635926576875,-0.4942946934696413,-0.43172464566980057,0.4529988694266667,-0.33601744349161167,-0.44047157951798976,1.0,0.0,0.0,1.0,FRA_10832,0
-0.8283217202348883,-0.6526280654286655,-0.26276311322950346,-0.3952123691718416,-0.43172464566980057,0.6532341144951802,-0.33601744349161167,-0.44047157951798976,0.0,1.0,0.0,1.0,FRA_10833,0
-0.5382966084110214,1.3180907036349154,4.04395198891096,2.4461484255903123,2.5388577786636897,-2.1500593164640067,2.650804276433825,2.145467243483907,0.0,1.0,1.0,0.0,FRA_10834,1
1.181852330682257,0.8414186548000421,-0.27126089964474226,-0.25809844564862394,-0.43172464566980057,0.11927346097914482,-0.33601744349161167,-0.44047157951798976,0.0,1.0,0.0,1.0,FRA_10835,0
1.5318826380558894,0.9125637367156949,-0.3392931721807198,-0.5038025932759957,-0.43172464566980057,0.11927346097914482,-0.33601744349161167,-0.44047157951798976,0.0,1.0,0.0,1.0,FRA_10836,0
-1.0883442342838723,-0.9158648685165806,-0.3068969854359823,-0.2621017718828785,-0.43172464566980057,-0.14770686577887324,-0.33601744349161167,-0.44047157951798976,0.0,1.0,0.0,1.0,FRA_10837,0
-0.43828794916141217,-0.3680477377660546,-0.2782069163667638,-0.15601362667513335,-0.43172464566980057,0.6532341144951802,-0.33601744349161167,-0.44047157951798976,0.0,1.0,0.0,1.0,FRA_10838,0
1.5118809062059675,1.0904264415048268,-0.2676489709492912,-0.4027186058610689,-0.43172464566980057,-0.08096178408936873,-0.33601744349161167,-0.44047157951798976,0.0,1.0,0.0,1.0,FRA_10839,0
-1.5183814690571917,-1.1719871634129304,-0.2864553112241638,-0.3201500022795692,-0.43172464566980057,-0.014216702399864218,-0.33601744349161167,-0.44047157951798976,0.0,1.0,0.0,1.0,FRA_10840,0
-1.4183728098075827,-1.107956589688843,-0.33775630362994574,-0.4027186058610689,0.5584694957746962,-0.14770686577887324,-0.33601744349161167,-0.44047157951798976,1.0,0.0,0.0,1.0,FRA_10841,0
-1.1683511616835596,-0.9158648685165806,-0.29917479862108937,-0.4292406421630052,-0.43172464566980057,0.3862537877371629,-0.33601744349161167,-0.44047157951798976,1.0,0.0,0.0,1.0,FRA_10842,0
0.3417795929855397,0.0588227537278619,-0.29508735235400124,-0.11798202744971532,-0.43172464566980057,0.0525283792896403,-0.33601744349161167,-0.44047157951798976,0.0,1.0,0.0,1.0,FRA_10843,0
-1.2083546253834032,-0.9870099504322333,-0.35252255158683565,-0.38870696404117805,-0.43172464566980057,0.7867242778741892,-0.33601744349161167,-0.44047157951798976,0.0,1.0,0.0,1.0,FRA_10844,0
1.6518930291554206,1.0406248841638697,-0.3872808062034391,-0.34917411747791455,-0.43172464566980057,0.18601854266864934,-0.33601744349161167,-0.44047157951798976,0.0,1.0,0.0,1.0,FRA_10845,0
-0.17826543511242823,-0.21152855755161842,-0.35252255158683565,-0.37169282754559624,-0.43172464566980057,0.6532341144951802,-0.33601744349161167,-0.44047157951798976,0.0,1.0,0.0,1.0,FRA_10846,0
0.02175188338678994,2.307007342262488,4.030812952854925,2.0578257808676224,1.5486636372191929,-3.017745378427565,4.144215136396544,3.8694264588185048,0.0,1.0,1.0,0.0,FRA_10847,1
-0.8783260498596926,-1.3142773272442358,1.358371663280942,1.3307216535711435,3.529051920108186,-3.8186863587016187,4.144215136396544,1.2834876358166079,0.0,1.0,1.0,0.0,FRA_10848,1
-0.08825764178778008,-0.10481093467813939,-0.272068576007768,-0.44525394710002325,-0.43172464566980057,0.11927346097914482,-0.33601744349161167,0.42150802814930916,1.0,0.0,0.0,1.0,FRA_10849,0
0.5818003751846016,1.901480375343268,1.9590385653808582,2.1534051947104498,3.529051920108186,-1.4826084995689621,1.1573934164711068,2.145467243483907,0.0,1.0,1.0,0.0,FRA_10850,1
0.8918272188583902,0.4572352124555173,-0.32479848859642385,-0.40071694274394165,-0.43172464566980057,0.5197439511161712,-0.33601744349161167,-0.44047157951798976,0.0,1.0,0.0,1.0,FRA_10851,0
0.9018280847833514,3.8793136525984138,4.043951988910958,3.2142866467879005,3.529051920108186,-2.7507650516695468,1.1573934164711068,2.145467243483907,0.0,1.0,0.0,1.0,FRA_10852,1
0.28177439743577415,0.11573881926038414,-0.36304754918573745,-0.4622680835956051,-0.43172464566980057,-0.08096178408936873,-0.33601744349161167,-0.44047157951798976,0.0,1.0,0.0,1.0,FRA_10853,0
1.43187397880628,0.8129606220337809,-0.3049973432605541,-0.5028017617174322,-0.43172464566980057,-0.14770686577887324,-0.33601744349161167,-0.44047157951798976,1.0,0.0,0.0,1.0,FRA_10854,0
1.1218471351324915,0.6564414418193448,-0.37483097041059493,-0.33616330721658727,-0.43172464566980057,0.18601854266864934,-0.33601744349161167,-0.44047157951798976,0.0,1.0,0.0,1.0,FRA_10855,0
0.911828950708312,0.5852963599036923,-0.3441940752259653,-0.15401196355800606,-0.43172464566980057,-0.08096178408936873,-0.33601744349161167,0.42150802814930916,1.0,0.0,0.0,1.0,FRA_10856,0
-1.5483840668320745,-1.2217887207538873,-0.36714613048134054,-0.31414501292818736,-0.43172464566980057,-0.014216702399864218,-0.33601744349161167,-0.44047157951798976,0.0,1.0,0.0,1.0,FRA_10857,0
-1.7183987875564102,-1.3285063436273665,-0.3530769619954734,-0.48828970411825956,-0.43172464566980057,0.6532341144951802,-0.33601744349161167,-0.44047157951798976,0.0,1.0,0.0,1.0,FRA_10858,0
-0.9983364409592239,-0.8589488029840584,-0.2904464700261316,-0.3156462602660328,-0.43172464566980057,0.6532341144951802,-0.33601744349161167,-0.44047157951798976,0.0,1.0,0.0,1.0,FRA_10859,0
0.5818003751846016,0.22957095032542862,-0.3048825763311222,-0.23457890402237858,-0.43172464566980057,-0.14770686577887324,-0.33601744349161167,-0.44047157951798976,0.0,1.0,0.0,1.0,FRA_10860,0
-0.2982758262119594,-0.34670421319135875,-0.3642623348790217,-0.255095950972933,-0.43172464566980057,0.4529988694266667,-0.33601744349161167,0.42150802814930916,0.0,1.0,0.0,1.0,FRA_10861,0
-0.3282784239868422,-0.30401716404196705,-0.31690095716378247,-0.12899117459391524,0.5584694957746962,-0.14770686577887324,-0.33601744349161167,-0.44047157951798976,1.0,0.0,0.0,1.0,FRA_10862,0
1.3618679173315538,0.8271896384169115,-0.3771876546555664,-0.1595165371301061,-0.43172464566980057,0.8534693595636937,-0.33601744349161167,-0.44047157951798976,0.0,1.0,0.0,1.0,FRA_10863,0
1.3918705151064363,0.9552507858650866,-0.32019874473171,-0.5468383502942321,-0.43172464566980057,0.5864890328056757,-0.33601744349161167,-0.44047157951798976,0.0,1.0,0.0,1.0,FRA_10864,0
1.4418748447312413,0.997937835014478,-0.3133522509765562,-0.5828682864025228,-0.43172464566980057,0.18601854266864934,-0.33601744349161167,-0.44047157951798976,0.0,1.0,0.0,1.0,FRA_10865,0
-0.6383052676606306,-0.5459104425551864,-0.3545045687977162,-0.418731910798087,-0.43172464566980057,-0.08096178408936873,-0.33601744349161167,-0.44047157951798976,0.0,1.0,0.0,1.0,FRA_10866,0
0.6818090344342109,0.3718611141567339,-0.4101812340851674,-0.2185655990853604,-0.43172464566980057,0.25276362435815386,-0.33601744349161167,-0.44047157951798976,0.0,1.0,0.0,1.0,FRA_10867,0
-0.7883182565350445,-1.29293380266954,1.3714720551132835,1.7000284986811238,1.5486636372191929,-3.751941277012114,2.650804276433825,2.145467243483907,1.0,0.0,0.0,1.0,FRA_10868,1
-1.0683425024339503,-0.8518342947924932,-0.33404220463224205,-0.5258208875643958,0.5584694957746962,0.5197439511161712,-0.33601744349161167,0.42150802814930916,1.0,0.0,0.0,1.0,FRA_10869,0
-1.0883442342838723,-0.8945213439418849,-0.384360171922871,-0.37119241176631446,-0.43172464566980057,-0.08096178408936873,-0.33601744349161167,-0.44047157951798976,1.0,0.0,0.0,1.0,FRA_10870,0
-0.5382966084110214,0.4714642288386478,1.9653564848461003,3.0161219981923013,2.5388577786636897,-3.751941277012114,4.144215136396544,2.145467243483907,0.0,1.0,0.0,1.0,FRA_10871,1
-0.2382706306621938,-0.31113167223353233,-0.35079279111188566,-0.23507931980166039,-0.43172464566980057,-0.08096178408936873,-0.33601744349161167,-0.44047157951798976,0.0,1.0,0.0,1.0,FRA_10872,0
1.1718514647572962,0.6422124254362143,-0.3143934228379386,-0.42073357391521427,-0.43172464566980057,0.3862537877371629,-0.33601744349161167,-0.44047157951798976,0.0,1.0,0.0,1.0,FRA_10873,0
-1.3183641505579735,-1.0652695405394514,-0.34562857867942637,-0.5753620497132956,-0.43172464566980057,0.25276362435815386,-0.33601744349161167,-0.44047157951798976,0.0,1.0,0.0,1.0,FRA_10874,0
0.8318220233086246,0.5568383271374312,-0.3037850007454116,-0.21606352018895136,-0.43172464566980057,0.31950870604765835,-0.33601744349161167,-0.44047157951798976,1.0,0.0,0.0,1.0,FRA_10875,0
0.12176054263639925,0.0090211963869051,-0.3472697478846568,-0.48678845678041405,-0.43172464566980057,-0.08096178408936873,-0.33601744349161167,-0.44047157951798976,0.0,1.0,0.0,1.0,FRA_10876,0
-0.7283130609852789,-0.6739715900033613,-0.2921909500322898,-0.137998658620988,-0.43172464566980057,0.31950870604765835,-0.33601744349161167,-0.44047157951798976,0.0,1.0,0.0,1.0,FRA_10877,0
-0.018251580313053337,-0.10481093467813939,-0.37005390775186925,-0.18804023654916965,-0.43172464566980057,0.6532341144951802,-0.33601744349161167,-0.44047157951798976,0.0,1.0,0.0,1.0,FRA_10878,0
-0.6883095972854353,1.047739392355435,4.0343732077862375,2.168417668088904,1.5486636372191929,-1.74958882632698,1.1573934164711068,3.8694264588185048,0.0,1.0,0.0,1.0,FRA_10879,1
0.3517804589105004,0.04459373734473134,-0.26113687913291617,-0.5838691179610865,-0.43172464566980057,-0.08096178408936873,-0.33601744349161167,-0.44047157951798976,0.0,1.0,0.0,1.0,FRA_10880,0
-0.21826889881227196,-0.21864306574318387,-0.3072804665572043,-0.5408333609428502,-0.43172464566980057,0.7867242778741892,-0.33601744349161167,-0.44047157951798976,0.0,1.0,0.0,1.0,FRA_10881,0
-1.1583502957585985,-0.9443229012828416,-0.3826865845604999,-0.20805686772044227,-0.43172464566980057,0.18601854266864934,-0.33601744349161167,0.42150802814930916,0.0,1.0,0.0,1.0,FRA_10882,0
-1.3283650164829341,-1.0581550323478859,-0.4101812340851674,-0.3256545758516691,0.5584694957746962,0.7199791961846848,-0.33601744349161167,-0.44047157951798976,0.0,1.0,0.0,1.0,FRA_10883,0
0.17176487226120413,-0.06923839372031314,-0.2746474430673042,-0.27661382948205115,-0.43172464566980057,0.5197439511161712,-0.33601744349161167,0.42150802814930916,0.0,1.0,0.0,1.0,FRA_10884,0
1.4218731128813193,0.9908233268229127,-0.30470995558070546,-0.3651874224149326,-0.43172464566980057,0.31950870604765835,-0.33601744349161167,-0.44047157951798976,1.0,0.0,0.0,1.0,FRA_10885,0
-0.5382966084110214,-0.4818798688310989,-0.3752468558655899,-0.320650418058851,-0.43172464566980057,0.11927346097914482,-0.33601744349161167,-0.44047157951798976,1.0,0.0,0.0,1.0,FRA_10886,0
0.8318220233086246,0.478578737030213,-0.4101812340851674,-0.5093071668480958,-0.43172464566980057,0.18601854266864934,-0.33601744349161167,-0.44047157951798976,1.0,0.0,0.0,1.0,FRA_10887,0
0.5717995092596408,0.2011129175591675,-0.272805832189676,-0.17452901050856054,-0.43172464566980057,0.5197439511161712,-0.33601744349161167,-0.44047157951798976,1.0,0.0,0.0,1.0,FRA_10888,0
1.5218817721309281,0.9125637367156949,-0.3470020394327404,-0.3546786910500145,0.5584694957746962,0.6532341144951802,-0.33601744349161167,0.42150802814930916,0.0,1.0,0.0,1.0,FRA_10889,0
1.1318480010574525,0.7560445565012587,-0.3308791588982929,-0.5018009301588686,-0.43172464566980057,0.4529988694266667,-0.33601744349161167,-0.44047157951798976,0.0,1.0,0.0,1.0,FRA_10890,0
0.24177093373593042,0.02325021277003566,-0.3503138520556498,-0.18603857343204233,-0.43172464566980057,0.18601854266864934,-0.33601744349161167,-0.44047157951798976,0.0,1.0,0.0,1.0,FRA_10891,0
0.5617986433346798,0.35763209777360333,-0.30413044306145,-0.4117260898881416,-0.43172464566980057,0.7199791961846848,-0.33601744349161167,-0.44047157951798976,0.0,1.0,0.0,1.0,FRA_10892,0
1.4018713810313974,0.7773880810759547,-0.287814936750109,-0.5888732757539047,-0.43172464566980057,0.18601854266864934,-0.33601744349161167,0.42150802814930916,1.0,0.0,0.0,1.0,FRA_10893,0
-0.3382792899118031,-0.3182461804250976,-0.33203854596242827,-0.2090576992790059,0.5584694957746962,0.7199791961846848,-0.33601744349161167,-0.44047157951798976,0.0,1.0,0.0,1.0,FRA_10894,0
-0.5983018039607871,-0.5743684753214474,-0.31965007101614074,-0.21656393596823315,-0.43172464566980057,0.31950870604765835,-0.33601744349161167,-0.44047157951798976,1.0,0.0,0.0,1.0,FRA_10895,0
-1.6983970557064882,-1.0154679831984945,1.954358625036233,1.1961098089443345,3.529051920108186,-1.74958882632698,4.144215136396544,1.2834876358166079,0.0,1.0,1.0,0.0,FRA_10896,1
1.1518497329073745,0.5852963599036923,-0.2612721587834287,-0.15351154777872425,-0.43172464566980057,0.5864890328056757,-0.33601744349161167,-0.44047157951798976,0.0,1.0,0.0,1.0,FRA_10897,0
1.0618419395827259,0.5924108680952574,-0.3471934915377476,-0.3411674650094055,-0.43172464566980057,0.0525283792896403,-0.33601744349161167,-0.44047157951798976,0.0,1.0,0.0,1.0,FRA_10898,0
-1.3683684801827778,-1.0723840487310166,-0.3419186559549585,-0.255095950972933,-0.43172464566980057,0.5864890328056757,-0.33601744349161167,-0.44047157951798976,1.0,0.0,0.0,1.0,FRA_10899,0
0.28177439743577415,-0.9870099504322333,1.369115370868312,1.9422297358535232,2.5388577786636897,-3.1512355418065736,2.650804276433825,1.2834876358166079,0.0,1.0,0.0,1.0,FRA_10900,1
-0.11826023956266264,-0.1546124920190962,-0.32614098459467433,-0.25259387207652395,-0.43172464566980057,0.5197439511161712,-0.33601744349161167,-0.44047157951798976,0.0,1.0,0.0,1.0,FRA_10901,0
-1.3183641505579735,-1.4423384746924108,1.3650167895727094,3.8993558486247073,3.529051920108186,-2.083314234774502,1.1573934164711068,1.2834876358166079,0.0,1.0,1.0,0.0,FRA_10902,1
1.6918964928552642,5.287986274528338,4.047729879685343,3.2202916361392826,1.5486636372191929,-2.4170396432220245,1.1573934164711068,2.145467243483907,0.0,1.0,1.0,0.0,FRA_10903,1
-0.988335575034263,-0.8518342947924932,-0.2914043481386039,-0.43524563151438694,-0.43172464566980057,0.7867242778741892,-0.33601744349161167,-0.44047157951798976,0.0,1.0,0.0,1.0,FRA_10904,0
-1.49837973720727,-0.7664601964937098,1.9172036932461425,1.3287199904540163,1.5486636372191929,-1.4158634178794576,2.650804276433825,2.145467243483907,0.0,1.0,0.0,1.0,FRA_10905,1
0.3417795929855397,0.13708234383507983,-0.398671845912051,-0.19854896791408774,-0.43172464566980057,0.25276362435815386,-0.33601744349161167,-0.44047157951798976,0.0,1.0,0.0,1.0,FRA_10906,0
0.8518237551585465,0.4074336551145605,-0.2948638690885042,-0.3796994800141053,-0.43172464566980057,-0.08096178408936873,-0.33601744349161167,-0.44047157951798976,0.0,1.0,0.0,1.0,FRA_10907,0
-1.628390994231762,-1.2573612617117138,-0.31282313085027924,-0.5808666232853956,0.5584694957746962,-0.08096178408936873,-0.33601744349161167,-0.44047157951798976,0.0,1.0,0.0,1.0,FRA_10908,0
0.5717995092596408,0.3718611141567339,-0.29394050940436706,-0.11898285900827893,-0.43172464566980057,0.11927346097914482,-0.33601744349161167,-0.44047157951798976,0.0,1.0,0.0,1.0,FRA_10909,0
0.12176054263639925,-0.03366585276248658,-0.39759893684506564,-0.5203163139922957,-0.43172464566980057,0.7199791961846848,-0.33601744349161167,-0.44047157951798976,0.0,1.0,0.0,1.0,FRA_10910,0
-1.378369346107739,-1.086613065114147,-0.37565306956581757,-0.1259886799182244,-0.43172464566980057,0.5197439511161712,-0.33601744349161167,-0.44047157951798976,0.0,1.0,0.0,1.0,FRA_10911,0
-1.1383485639086766,-1.392536917351454,1.3714720551132837,2.951568362664947,2.5388577786636897,-1.2156281728109448,4.144215136396544,2.145467243483907,0.0,1.0,0.0,1.0,FRA_10912,1
0.2517717996608916,0.0588227537278619,-0.3982558439298897,-0.1610177844679515,-0.43172464566980057,-0.014216702399864218,-0.33601744349161167,-0.44047157951798976,0.0,1.0,0.0,1.0,FRA_10913,0
-0.6983104632103961,-0.6170555244708391,-0.3908992720808551,-0.4577643415820687,-0.43172464566980057,-0.014216702399864218,-0.33601744349161167,-0.44047157951798976,1.0,0.0,0.0,1.0,FRA_10914,0
1.54188350398085,5.0247494714404235,4.051807603060867,1.6324723684780784,2.5388577786636897,-3.5517060319436005,1.1573934164711068,3.8694264588185048,0.0,1.0,1.0,0.0,FRA_10915,1
1.1318480010574525,-0.745116671919014,1.3697097867757972,3.203277499643701,1.5486636372191929,-1.4158634178794576,1.1573934164711068,3.8694264588185048,0.0,1.0,1.0,0.0,FRA_10916,1
1.7018973587802249,-0.5814829835130126,1.3684574133379903,2.8940205480475383,2.5388577786636897,-2.9510002967380604,1.1573934164711068,2.145467243483907,0.0,1.0,1.0,0.0,FRA_10917,1
-0.8283217202348883,-0.666857081811796,-0.30488257633112176,-0.29663046065332377,-0.43172464566980057,0.6532341144951802,-0.33601744349161167,-0.44047157951798976,0.0,1.0,0.0,1.0,FRA_10918,0
1.6518930291554206,5.223955700804251,4.055402202851824,2.168417668088904,3.529051920108186,-2.8175101333590513,4.144215136396544,1.2834876358166079,1.0,0.0,1.0,0.0,FRA_10919,1
-0.2282697647372331,-0.3324751968082282,-0.2919952779194329,-0.2656046823378512,-0.43172464566980057,0.25276362435815386,-0.33601744349161167,-0.44047157951798976,0.0,1.0,0.0,1.0,FRA_10920,0
-0.5182948765610996,-0.5387959343636212,-0.272068576007768,-0.29262713441906923,-0.43172464566980057,0.6532341144951802,-0.33601744349161167,-0.44047157951798976,0.0,1.0,0.0,1.0,FRA_10921,0
-1.5583849327570354,-1.2075597043707569,-0.32284528853622413,-0.26160135610359664,-0.43172464566980057,0.31950870604765835,-0.33601744349161167,-0.44047157951798976,0.0,1.0,0.0,1.0,FRA_10922,0
-1.5583849327570354,-1.2004451961791915,-0.2791773157617523,-0.1394999059588334,-0.43172464566980057,0.11927346097914482,-0.33601744349161167,-0.44047157951798976,0.0,1.0,0.0,1.0,FRA_10923,0
0.6818090344342109,0.3505175895820382,-0.37967347228382425,-0.446254778658587,-0.43172464566980057,0.7199791961846848,-0.33601744349161167,-0.44047157951798976,0.0,1.0,0.0,1.0,FRA_10924,0
-0.1382619714125845,-0.1830705247853573,-0.35362081220585145,-0.503302177496714,-0.43172464566980057,-0.08096178408936873,-0.33601744349161167,-0.44047157951798976,1.0,0.0,0.0,1.0,FRA_10925,0
-0.9483321113344192,-0.7593456883021446,-0.3181061287002344,-0.1470061426480607,-0.43172464566980057,0.31950870604765835,-0.33601744349161167,-0.44047157951798976,0.0,1.0,0.0,1.0,FRA_10926,0
0.411785654460266,0.2509144749001243,-0.29812756809784335,-0.20805686772044227,-0.43172464566980057,0.5197439511161712,-0.33601744349161167,-0.44047157951798976,0.0,1.0,0.0,1.0,FRA_10927,0
-0.8483234520848101,-0.7664601964937098,-0.26064198918841525,-0.3882065482618962,0.5584694957746962,0.5864890328056757,-0.33601744349161167,-0.44047157951798976,0.0,1.0,0.0,1.0,FRA_10928,0
0.28177439743577415,0.09439529468568815,-0.3983978128603102,-0.4157294161223961,-0.43172464566980057,0.5197439511161712,-0.33601744349161167,-0.44047157951798976,1.0,0.0,0.0,1.0,FRA_10929,0
-0.4782914128612559,-0.4320783114901419,-0.3595660838238477,-0.1590161213508243,-0.43172464566980057,0.31950870604765835,-0.33601744349161167,-0.44047157951798976,0.0,1.0,0.0,1.0,FRA_10930,0
1.1418488669824132,0.7489300483096936,-0.34868432568088137,-0.46477016249201414,-0.43172464566980057,0.7199791961846848,-0.33601744349161167,-0.44047157951798976,1.0,0.0,0.0,1.0,FRA_10931,0
1.1318480010574525,0.7916170974590849,-0.2868224504611404,-0.0929612384856245,-0.43172464566980057,0.0525283792896403,-0.33601744349161167,0.42150802814930916,0.0,1.0,0.0,1.0,FRA_10932,0
-0.06825590993785821,-0.09058191829500882,-0.2733415037319836,-0.5408333609428502,-0.43172464566980057,-0.014216702399864218,-0.33601744349161167,0.42150802814930916,0.0,1.0,0.0,1.0,FRA_10933,0
-0.5082940106361387,1.3678922609758726,4.035369843972625,2.910033852984556,3.529051920108186,-1.5493535812584667,2.650804276433825,1.2834876358166079,0.0,1.0,1.0,0.0,FRA_10934,1
-0.468290546936295,-0.46765085244796833,-0.35985204512475916,-0.459766004699196,-0.43172464566980057,0.31950870604765835,-0.33601744349161167,-0.44047157951798976,0.0,1.0,0.0,1.0,FRA_10935,0
1.0818436714326476,0.7489300483096936,-0.29390868007121196,-0.3181483391624419,0.5584694957746962,0.6532341144951802,-0.33601744349161167,-0.44047157951798976,0.0,1.0,0.0,1.0,FRA_10936,0
-0.5883009380358262,-0.4818798688310989,-0.28420574899032736,-0.33716413877515095,-0.43172464566980057,0.18601854266864934,-0.33601744349161167,-0.44047157951798976,1.0,0.0,0.0,1.0,FRA_10937,0
-1.0083373068841848,-0.8376052784093626,-0.3860395906000935,-0.31614667604531466,-0.43172464566980057,0.31950870604765835,-0.33601744349161167,-0.44047157951798976,0.0,1.0,0.0,1.0,FRA_10938,0
-1.4383745416575044,-1.1150710978804081,-0.29882790351026456,-0.29512921331547837,-0.43172464566980057,0.5197439511161712,-0.33601744349161167,-0.44047157951798976,0.0,1.0,0.0,1.0,FRA_10939,0
-0.10825937363770194,-0.11903995106126994,-0.2707717435375577,-0.33966621767156,-0.43172464566980057,0.31950870604765835,-0.33601744349161167,-0.44047157951798976,0.0,1.0,0.0,1.0,FRA_10940,0
-0.048254178087936354,-0.09058191829500882,-0.30170919212483543,-0.39220987449615075,0.5584694957746962,0.31950870604765835,-0.33601744349161167,0.42150802814930916,1.0,0.0,0.0,1.0,FRA_10941,0
1.2018540625321787,0.6208689008615186,-0.26343653487793073,-0.14000032173811522,0.5584694957746962,0.7867242778741892,-0.33601744349161167,-0.44047157951798976,1.0,0.0,0.0,1.0,FRA_10942,0
-0.9683338431843411,-0.8304907702177973,-0.3166561270406292,-0.26260218766216026,-0.43172464566980057,-0.08096178408936873,-0.33601744349161167,-0.44047157951798976,0.0,1.0,0.0,1.0,FRA_10943,0
-0.4082853513865294,-0.39650577053231556,-0.39395488354601943,-0.31664709182459644,-0.43172464566980057,0.0525283792896403,-0.33601744349161167,-0.44047157951798976,1.0,0.0,0.0,1.0,FRA_10944,0
1.091844537357609,0.684899474585606,-0.38342968319630194,-0.5158125719787594,-0.43172464566980057,0.7867242778741892,-0.33601744349161167,0.42150802814930916,0.0,1.0,0.0,1.0,FRA_10945,0
1.1418488669824132,0.8200751302253461,-0.2608315993890449,-0.1485073899859061,-0.43172464566980057,0.5197439511161712,-0.33601744349161167,-0.44047157951798976,0.0,1.0,0.0,1.0,FRA_10946,0
-0.38828361953660756,-0.3751622459576197,-0.3780793730185286,-0.43524563151438694,-0.43172464566980057,0.3862537877371629,-0.33601744349161167,-0.44047157951798976,0.0,1.0,0.0,1.0,FRA_10947,0
-0.1282611054876238,-0.1617270002106616,-0.3257426895733924,-0.5838691179610865,-0.43172464566980057,-0.14770686577887324,-0.33601744349161167,-0.44047157951798976,1.0,0.0,0.0,1.0,FRA_10948,0
-0.6783087313604743,1.0690829169301308,4.043951988910959,2.9315517314936743,3.529051920108186,-2.617274888290538,2.650804276433825,2.145467243483907,0.0,1.0,1.0,0.0,FRA_10949,1
1.5218817721309281,-0.6312845408539697,1.3667336155143517,3.1076980858008736,1.5486636372191929,-1.4158634178794576,2.650804276433825,2.145467243483907,0.0,1.0,0.0,1.0,FRA_10950,1
-1.3183641505579735,-1.0723840487310166,-0.31335225097655584,-0.2706088401306693,-0.43172464566980057,0.5864890328056757,-0.33601744349161167,-0.44047157951798976,0.0,1.0,0.0,1.0,FRA_10951,0
1.5318826380558894,1.0406248841638697,-0.3392931721807198,-0.16602194226076966,-0.43172464566980057,-0.14770686577887324,-0.33601744349161167,-0.44047157951798976,1.0,0.0,0.0,1.0,FRA_10952,0
0.6518064366593284,0.4358916878808213,-0.2868834286043061,-0.17753150518425145,-0.43172464566980057,0.5864890328056757,-0.33601744349161167,-0.44047157951798976,0.0,1.0,0.0,1.0,FRA_10953,0
0.12176054263639925,0.04459373734473134,-0.28435826168414674,-0.17352817894999692,-0.43172464566980057,0.5197439511161712,-0.33601744349161167,-0.44047157951798976,0.0,1.0,0.0,1.0,FRA_10954,0
-1.628390994231762,-1.264475769903279,-0.36150218246772337,-0.37719740111769623,-0.43172464566980057,0.6532341144951802,-0.33601744349161167,-0.44047157951798976,0.0,1.0,0.0,1.0,FRA_10955,0
-0.07825677586281891,-1.086613065114147,1.3632236602558834,4.110030891702353,2.5388577786636897,-3.618451113633105,1.1573934164711068,3.8694264588185048,0.0,1.0,1.0,0.0,FRA_10956,1
-0.3082766921369203,1.7236176705541362,4.036259185417013,2.4191259735090944,2.5388577786636897,-3.217980623496078,1.1573934164711068,3.8694264588185048,0.0,1.0,0.0,1.0,FRA_10957,1
-1.1783520276085204,-0.9514374094744069,-0.4101812340851674,-0.12348660102181527,-0.43172464566980057,0.5864890328056757,-0.33601744349161167,-0.44047157951798976,1.0,0.0,0.0,1.0,FRA_10958,0
0.5617986433346798,0.34340308139047276,-0.32534060126619346,-0.17352817894999692,-0.43172464566980057,0.0525283792896403,-0.33601744349161167,-0.44047157951798976,0.0,1.0,0.0,1.0,FRA_10959,0
1.6618938950803812,1.1331134906542184,-0.34165610757753445,-0.380700311572669,-0.43172464566980057,-0.014216702399864218,-0.33601744349161167,-0.44047157951798976,0.0,1.0,0.0,1.0,FRA_10960,0
0.2317700678109697,0.0090211963869051,-0.3380495219718697,-0.4652705782712959,-0.43172464566980057,-0.08096178408936873,-0.33601744349161167,-0.44047157951798976,0.0,1.0,0.0,1.0,FRA_10961,0
0.7618159618338983,0.37897562234829935,-0.34089471728300563,-0.320650418058851,0.5584694957746962,0.7199791961846848,-0.33601744349161167,-0.44047157951798976,1.0,0.0,0.0,1.0,FRA_10962,0
-1.49837973720727,-1.2004451961791915,-0.28979925508527193,-0.32215166539669643,-0.43172464566980057,0.18601854266864934,-0.33601744349161167,-0.44047157951798976,0.0,1.0,0.0,1.0,FRA_10963,0
-0.27827409436203754,-0.33958970499979346,-0.3495807820716146,-0.20355312570690595,-0.43172464566980057,0.6532341144951802,-0.33601744349161167,-0.44047157951798976,0.0,1.0,0.0,1.0,FRA_10964,0
-1.3283650164829341,-1.079498556922582,-0.31228819621712056,-0.37169282754559624,-0.43172464566980057,-0.14770686577887324,-0.33601744349161167,-0.44047157951798976,1.0,0.0,0.0,1.0,FRA_10965,0
0.4017847885353053,0.11573881926038414,-0.3201987447317102,-0.5328267084743411,-0.43172464566980057,0.7867242778741892,-0.33601744349161167,-0.44047157951798976,1.0,0.0,0.0,1.0,FRA_10966,0
1.54188350398085,3.139404800675625,1.9700698533360435,3.313368971085701,2.5388577786636897,-2.483784724911529,2.650804276433825,1.2834876358166079,1.0,0.0,1.0,0.0,FRA_10967,1
0.5818003751846016,0.3505175895820382,-0.3364721736573352,-0.3431691281265327,-0.43172464566980057,-0.014216702399864218,-0.33601744349161167,-0.44047157951798976,1.0,0.0,0.0,1.0,FRA_10968,0
-1.4683771394323872,-1.1435291306466693,-0.3330533860679184,-0.448756857554996,-0.43172464566980057,0.3862537877371629,-0.33601744349161167,-0.44047157951798976,0.0,1.0,0.0,1.0,FRA_10969,0
-0.4982931447111778,-0.4463073278732725,-0.35898430048751073,-0.2871225608469693,-0.43172464566980057,-0.08096178408936873,-0.33601744349161167,-0.44047157951798976,1.0,0.0,0.0,1.0,FRA_10970,0
0.19176660411112598,-0.012322328187790898,-0.34908201291923946,-0.5468383502942321,-0.43172464566980057,0.18601854266864934,-0.33601744349161167,-0.44047157951798976,0.0,1.0,0.0,1.0,FRA_10971,0
-0.3282784239868422,-0.382276754149185,-0.3324476699840136,-0.2761134137027693,-0.43172464566980057,0.8534693595636937,-0.33601744349161167,-0.44047157951798976,1.0,0.0,0.0,1.0,FRA_10972,0
1.181852330682257,0.6350979172446491,-0.29730846235232217,-0.38120072735195076,-0.43172464566980057,0.3862537877371629,-0.33601744349161167,-0.44047157951798976,0.0,1.0,0.0,1.0,FRA_10973,0
1.1118462692075306,0.6991284909687364,-0.3835893939478772,-0.5588483289969957,-0.43172464566980057,-0.14770686577887324,-0.33601744349161167,-0.44047157951798976,1.0,0.0,0.0,1.0,FRA_10974,0
0.4017847885353053,0.20822742575073264,-0.3539421782392569,-0.43524563151438694,-0.43172464566980057,0.6532341144951802,-0.33601744349161167,-0.44047157951798976,0.0,1.0,0.0,1.0,FRA_10975,0
-0.42828708323645126,-1.1933306879876262,1.3780343140053588,2.8835118166826197,2.5388577786636897,-2.35029456153252,2.650804276433825,2.145467243483907,0.0,1.0,1.0,0.0,FRA_10976,1
-0.8483234520848101,-0.745116671919014,-0.3247302370013092,-0.3336612283201782,0.5584694957746962,0.5197439511161712,-0.33601744349161167,-0.44047157951798976,0.0,1.0,0.0,1.0,FRA_10977,0
-1.3683684801827778,-1.086613065114147,-0.4101812340851674,-0.3411674650094055,-0.43172464566980057,0.7867242778741892,-0.33601744349161167,-0.44047157951798976,1.0,0.0,0.0,1.0,FRA_10978,0
-0.4982931447111778,-0.40362027872388084,-0.25659043329219733,-0.3796994800141053,-0.43172464566980057,-0.014216702399864218,-0.33601744349161167,-0.44047157951798976,1.0,0.0,0.0,1.0,FRA_10979,0
-0.28827496028699845,-0.35381872138292403,-0.33404220463224205,-0.1715265158328697,-0.43172464566980057,0.6532341144951802,-0.33601744349161167,-0.44047157951798976,0.0,1.0,0.0,1.0,FRA_10980,0
0.6318047048094064,0.40031914692299503,-0.31706346635702554,-0.4892905356768232,-0.43172464566980057,0.5197439511161712,-0.33601744349161167,-0.44047157951798976,0.0,1.0,0.0,1.0,FRA_10981,0
0.5617986433346798,0.32917406500734225,-0.346550759470937,-0.47778097275334136,-0.43172464566980057,0.7867242778741892,-0.33601744349161167,-0.44047157951798976,0.0,1.0,0.0,1.0,FRA_10982,0
-1.488378871282309,-1.1933306879876262,-0.2914043481386039,-0.1930443943419878,0.5584694957746962,0.0525283792896403,-0.33601744349161167,-0.44047157951798976,0.0,1.0,0.0,1.0,FRA_10983,0
-0.358281021761725,-1.1719871634129304,1.3746310148459049,2.491185845725676,1.5486636372191929,-1.349118336189953,2.650804276433825,2.145467243483907,1.0,0.0,1.0,0.0,FRA_10984,1
-1.0983451002088331,-0.24710109850944498,1.9601469723045848,3.257822819585419,3.529051920108186,-2.7507650516695468,2.650804276433825,2.145467243483907,0.0,1.0,1.0,0.0,FRA_10985,1
-1.1883528935334813,0.15842586840977582,4.029811883441131,4.105527149688816,3.529051920108186,-2.216804398153511,2.650804276433825,1.2834876358166079,0.0,1.0,1.0,0.0,FRA_10986,1
1.161850598832335,0.606639884478388,-0.279177315761752,-0.11798202744971532,-0.43172464566980057,0.7867242778741892,-0.33601744349161167,-0.44047157951798976,1.0,0.0,0.0,1.0,FRA_10987,0
-1.5883875305319184,-1.2360177371370178,-0.3644978164134122,-0.2861217292884056,-0.43172464566980057,0.5197439511161712,-0.33601744349161167,-0.44047157951798976,0.0,1.0,0.0,1.0,FRA_10988,0
-0.2682732284370766,-0.29690265585040176,-0.3951080252087,-0.09646414894059722,-0.43172464566980057,0.6532341144951802,-0.33601744349161167,0.42150802814930916,0.0,1.0,0.0,1.0,FRA_10989,0
-1.1483494298336376,-0.9514374094744069,-0.328454018984321,-0.5478391818527957,-0.43172464566980057,0.3862537877371629,-0.33601744349161167,-0.44047157951798976,0.0,1.0,0.0,1.0,FRA_10990,0
1.3418661854816318,0.8271896384169115,-0.3935922835339714,-0.30413669734255105,-0.43172464566980057,-0.08096178408936873,-0.33601744349161167,-0.44047157951798976,0.0,1.0,0.0,1.0,FRA_10991,0
0.21176833596104785,0.09439529468568815,-0.31322051086348346,-0.5108084141859413,-0.43172464566980057,0.4529988694266667,-0.33601744349161167,-0.44047157951798976,0.0,1.0,0.0,1.0,FRA_10992,0
-0.9283303794844974,-0.8091472456431015,-0.29684451085371366,-0.09946664361628806,-0.43172464566980057,0.0525283792896403,-0.33601744349161167,-0.44047157951798976,0.0,1.0,0.0,1.0,FRA_10993,0
0.02175188338678994,-0.06923839372031314,-0.35762508986102426,-0.285120897729842,-0.43172464566980057,-0.08096178408936873,-0.33601744349161167,0.42150802814930916,0.0,1.0,0.0,1.0,FRA_10994,0
0.8218211573836639,0.45012070426395184,-0.38106925223551924,-0.43324396839725965,-0.43172464566980057,0.25276362435815386,-0.33601744349161167,0.42150802814930916,1.0,0.0,0.0,1.0,FRA_10995,0
1.6118895654555767,1.1544570152289138,-0.27906389245584456,-0.4382481261900779,-0.43172464566980057,0.6532341144951802,-0.33601744349161167,0.42150802814930916,0.0,1.0,0.0,1.0,FRA_10996,0
-0.9683338431843411,-0.823376262026232,-0.3400374038017638,-0.30113420266686014,-0.43172464566980057,0.6532341144951802,-0.33601744349161167,-0.44047157951798976,1.0,0.0,0.0,1.0,FRA_10997,0
1.3618679173315538,0.8698766875663032,-0.3936844443703669,-0.4202331581359324,-0.43172464566980057,0.5197439511161712,-0.33601744349161167,0.42150802814930916,0.0,1.0,0.0,1.0,FRA_10998,0
1.5318826380558894,3.125175784292495,1.9685070653751868,2.184931388805204,2.5388577786636897,-3.0844904601170695,1.1573934164711068,3.8694264588185048,0.0,1.0,1.0,0.0,FRA_10999,1
